t,counts,nextinct,delta_n,mean_n,delta2_n,M2_n,var_n,delta_h,mean_h,delta2_h,M2_h,var_h,delta_w,mean_w,delta2_w,M2_w,var_w,delta_m,mean_m,delta2_m,M2_m,var_m,delta_ns,mean_ns,delta2_ns,M2_ns,var_ns,delta_nf,mean_nf,delta2_nf,M2_nf,var_nf,delta_fs,mean_fs,delta2_fs,M2_fs,var_fs,cdf_h_0_1,cdf_h_0_2,cdf_h_0_3,cdf_h_0_4,cdf_h_0_5,cdf_h_0_6,cdf_h_0_7,cdf_h_0_8,cdf_h_0_9,p_h_fix_0,p_h_fix_1,cdf_fs_0_1,cdf_fs_0_2,cdf_fs_0_3,cdf_fs_0_4,cdf_fs_0_5,cdf_fs_0_6,cdf_fs_0_7,cdf_fs_0_8,cdf_fs_0_9,p_fs_fix_0,p_fs_fix_1
0.0,10000.0,0.0,0.0,1000.0,0.0,0.0,0.0,0.0,0.3,0.0,0.0,0.0,0.0,700.0,0.0,0.0,0.0,0.0,300.0,0.0,0.0,0.0,0.0,500.0,0.0,0.0,0.0,0.0,500.0,0.0,0.0,0.0,0.0,0.5,0.0,0.0,0.0,0.0,0.0,10000.0,10000.0,10000.0,10000.0,10000.0,10000.0,10000.0,0.0,0.0,0.0,0.0,0.0,0.0,10000.0,10000.0,10000.0,10000.0,10000.0,0.0,0.0
50.0,10000.0,0.0,-16.513551355135746,975.5119000000002,-16.511900000000196,13199066.583900014,1320.038662256227,0.01632760536053629,0.27668802739999976,0.016325972600000238,4.673506589222516,0.0004673973986621178,-27.606560656065312,705.6037999999998,-27.60379999999975,11416180.255599948,1141.7321987798728,11.093009300929225,269.90810000000084,11.091899999999157,5431838.54390002,543.2381782078228,-15.429242924293135,963.4277000000008,-15.427700000000755,12770267.727100026,1277.1544881588184,-1.0843084308431123,12.084200000000028,-1.0842000000000276,188777.1035999992,18.879598319831903,0.0009021523249693741,0.9876276563469889,0.0009020621097368675,0.1920988661276117,1.9211807793540523e-05,0.0,1.0,8634.0,10000.0,10000.0,10000.0,10000.0,10000.0,10000.0,0.0,0.0,0.0,0.0,0.0,0.0,0.0,0.0,0.0,0.0,0.0,0.0,2.0
100.0,10000.0,0.0,-91.11131113111355,964.1022000000005,-91.1022000000005,17430905.55159998,1743.2648816481628,0.019988057705771167,0.2549279410999994,0.019986058900000603,8.64494498993632,0.0008645809570893409,-85.38073807380772,718.3722000000004,-85.37220000000036,18373930.671600092,1837.5768248424936,-5.730573057306145,245.73000000000042,-5.730000000000416,8932879.000000022,893.3772377237746,-91.28302830282928,952.273899999999,-91.273899999999,16804868.78789999,1680.6549442844273,0.171717171717237,11.828299999999935,0.17170000000006524,181730.1910999998,18.174836593659347,-0.0014978063103984196,0.9877519520624135,-0.0014976565297674105,0.18755035882316268,1.8756911573473615e-05,0.0,279.0,9349.0,10000.0,10000.0,10000.0,10000.0,10000.0,10000.0,0.0,0.0,0.0,0.0,0.0,0.0,0.0,0.0,0.0,0.0,0.0,0.0,2.0
150.0,10000.0,0.0,-16.54135413541121,959.5396999999977,-16.53969999999765,18359610.239100043,1836.1446383738416,-0.011238706970696372,0.2339315830999993,-0.01123758309999931,11.919539540504879,0.0011920731613666246,-2.1718171817209395,735.1716000000027,-2.1716000000027407,23181893.534399986,2318.4211955595547,-14.369536953695444,224.36810000000008,-14.368100000000084,11514278.023899943,1151.5429566856628,-14.799279927991506,947.7977999999987,-14.797799999998688,17666917.15159994,1766.868402000194,-1.7420742074207531,11.741900000000012,-1.7419000000000118,184186.8439,18.420526442644267,0.0016095024549286352,0.9877862046246911,0.0016093415046831705,0.19089812392705824,1.909172156486231e-05,0.0,1638.0,9703.0,10000.0,10000.0,10000.0,10000.0,10000.0,10000.0,0.0,0.0,0.0,0.0,0.0,0.0,0.0,0.0,0.0,0.0,0.0,0.0,1.0
200.0,10000.0,0.0,-3.655065506550727,958.6547,-3.654700000000048,18924932.67909999,1892.6825361636152,-0.021445531353135594,0.21411338680000028,-0.02144338680000027,14.674191504349865,0.001467565907025689,17.461246124609147,753.5405000000034,17.459499999996638,27399319.597499978,2740.2059803480324,-21.116311631163484,205.11420000000038,-21.11420000000038,13765541.583599994,1376.6918275427536,-4.963796379637415,946.9632999999994,-4.963299999999435,18222041.531100016,1822.3863917491765,1.3087308730872635,11.691400000000046,1.308599999999954,181245.66040000008,18.126378677867795,-0.0014399430394652635,0.9878272336001351,-0.0014397990451613385,0.18785477176223966,1.8787355911815148e-05,5.0,3655.0,9821.0,10000.0,10000.0,10000.0,10000.0,10000.0,10000.0,0.0,0.0,0.0,0.0,0.0,0.0,0.0,0.0,0.0,0.0,0.0,0.0,2.0
250.0,10000.0,0.0,-13.378437843784127,959.3770999999997,-13.3770999999997,19075856.955899935,1907.7764732373173,-0.03387904850485024,0.19560966059999974,-0.033875660599999746,16.662267509916145,0.0016663933903306475,21.099909990997958,771.9022000000011,21.09779999999887,30596456.351599943,3059.9516303230266,-34.47834783478331,187.47489999999982,-34.47489999999982,15366675.699899983,1536.8212521152097,-10.617161716169107,947.6160999999975,-10.61609999999746,18408343.207900036,1841.018422632267,-2.761276127612735,11.760999999999974,-2.7609999999999744,185288.79000000004,18.530732073207325,0.0027248164321247437,0.9877617139776369,0.002724543950481495,0.19310695927398797,1.9312627190117808e-05,49.0,5630.0,9923.0,10000.0,10000.0,10000.0,10000.0,10000.0,10000.0,0.0,0.0,0.0,0.0,0.0,0.0,0.0,0.0,0.0,0.0,0.0,0.0,4.0
300.0,10000.0,0.0,-44.22222222222388,961.2178000000016,-44.2178000000016,19535465.631599914,1953.7419373537268,-0.06641534543454361,0.17873170390000015,-0.06640870390000014,18.098465672822243,0.0018100275700392284,24.3765376537649,789.6259000000005,24.374099999999544,33172299.49189986,3317.561705360522,-68.59875987598787,171.59190000000027,-68.59190000000027,16631251.54390004,1663.2914835383579,-35.42554255425591,949.4220000000005,-35.42200000000048,18770183.15999998,1877.2060366036585,-8.796679667966748,11.795799999999952,-8.795799999999952,187841.02359999952,18.785980958095763,0.008975392747191058,0.987753967169401,0.008974495207916378,0.1935449007114676,1.9356425713718132e-05,219.0,7015.0,9954.0,10000.0,10000.0,10000.0,10000.0,10000.0,10000.0,0.0,0.0,0.0,0.0,0.0,0.0,0.0,0.0,0.0,0.0,0.0,0.0,2.0
350.0,10000.0,0.0,-28.9019901990182,963.8990999999983,-28.89909999999827,19927075.19190001,1992.9068098709881,-0.07214686878687994,0.16304865410000124,-0.07213965410000124,19.08834466051843,0.0019090253685887018,42.9932993299318,807.0110000000012,42.98899999999878,36058248.78999996,3606.1854975497513,-71.89528952895301,156.88810000000012,-71.88810000000012,17362217.7839,1736.3954179317932,-28.04580458046064,952.0430000000026,-28.04300000000262,19149811.509999964,1915.1726682668232,-0.8561856185618204,11.856099999999964,-0.8560999999999641,185551.9278999998,18.557048494849465,0.0005097035219030488,0.9877256415660962,0.0005096525515508876,0.1901284588262844,1.9014747357364178e-05,665.0,8067.0,9974.0,10000.0,10000.0,10000.0,10000.0,10000.0,10000.0,0.0,0.0,0.0,0.0,0.0,0.0,0.0,0.0,0.0,0.0,0.0,0.0,4.0
400.0,10000.0,0.0,-4.288228822883298,966.287800000001,-4.287800000000971,19637831.711599942,1963.9795691169059,-0.06820624792479252,0.14824142730000003,-0.06819942730000003,19.52723150536312,0.00195291844238055,61.697569756972825,823.3086000000029,61.69139999999709,36751229.66039999,3675.490515091508,-65.98579857985865,142.97920000000067,-65.97920000000067,17814835.6736001,1781.6617335333633,-0.39413941393956975,954.3940999999982,-0.39409999999816137,18982911.851899978,1898.481033293327,-3.894089408940868,11.893699999999974,-3.893699999999974,183308.00309999997,18.332633573357334,0.003973925991344274,0.9877104630852466,0.003973528598745113,0.18837335308633715,1.883921923055677e-05,1331.0,8732.0,9987.0,10000.0,10000.0,10000.0,10000.0,10000.0,10000.0,0.0,0.0,0.0,0.0,0.0,0.0,0.0,0.0,0.0,0.0,0.0,0.0,1.0
450.0,10000.0,0.0,-21.755075507552874,968.7529000000021,-21.752900000002114,19933288.415900066,1993.5281944094477,-0.05548583148314852,0.13467728290000022,-0.05548028290000022,19.40002347730867,0.001940196367367604,33.405440544055864,838.5978999999985,33.4021000000015,38330292.15589999,3833.4125568456834,-55.16051605160561,130.15500000000046,-55.155000000000456,17643197.75000003,1764.4962246224652,-16.831983198317857,956.830299999998,-16.830299999998033,19194033.01909999,1919.595261436143,-4.923092309230951,11.922600000000028,-4.922600000000028,184880.09239999996,18.48985822582258,0.004892606999066795,0.987716118798064,0.004892117738366841,0.18782710841395597,1.878458930032563e-05,2235.0,9175.0,9991.0,10000.0,10000.0,10000.0,10000.0,10000.0,10000.0,0.0,0.0,0.0,0.0,0.0,0.0,0.0,0.0,0.0,0.0,0.0,0.0,3.0
500.0,10000.0,0.0,36.425142514252,971.5784999999994,36.421500000000606,20314984.377499998,2031.701607910791,-0.028040709970996863,0.12228390589999977,-0.028037905899999757,19.02037222845844,0.0019022274455904032,59.95049504950464,853.0555000000003,59.94449999999972,38402944.197499976,3840.6784875987573,-23.525352535253475,118.52299999999995,-23.522999999999954,17480826.710000005,1748.2574967496755,33.446944694467675,959.5564000000018,33.44359999999824,19583376.19039997,1958.5334723872359,2.9781978197819967,12.022099999999982,2.9779000000000178,186898.1158999997,18.69168075807578,-0.002529504777078029,0.987648299445648,-0.002529251826600354,0.18904915773310046,1.8906806453955443e-05,3307.0,9486.0,9996.0,10000.0,10000.0,10000.0,10000.0,10000.0,10000.0,0.0,0.0,0.0,0.0,0.0,0.0,0.0,0.0,0.0,0.0,0.0,0.0,1.0
550.0,10000.0,0.0,85.90129012901377,974.1072999999991,85.8927000000009,19782549.867099896,1978.452831993189,-0.029603783978397594,0.11073282359999977,-0.029600823599999757,18.5538174112608,0.0018555672978558654,107.4603460346043,866.5503999999992,107.44960000000083,38484196.598400116,3848.804540294041,-21.559055905590583,107.55690000000003,-21.556900000000027,17067395.62390002,1706.9102534153435,89.04500450044793,961.9639000000021,89.03609999999787,19055897.96789995,1905.7803748274775,-3.1437143714371523,12.143400000000009,-3.1434000000000086,183766.3644000006,18.3784742874288,0.003953926234198879,0.9875559031206886,0.003953530841575459,0.18474842740329622,1.847669040937056e-05,4415.0,9654.0,9998.0,10000.0,10000.0,10000.0,10000.0,10000.0,10000.0,0.0,0.0,0.0,0.0,0.0,0.0,0.0,0.0,0.0,0.0,0.0,0.0,2.0
600.0,10000.0,0.0,82.88468846884166,976.1236000000052,82.87639999999476,20092147.23040001,2009.4156646064616,-0.023782616961696285,0.10026723870000011,-0.02378023870000011,17.934702667773262,0.0017936496317405002,99.45284528452999,878.5570999999985,99.44290000000149,38627549.395899974,3863.1412537153687,-16.568156815681675,97.5665000000001,-16.566500000000104,16580861.777499935,1658.2520029502884,73.01830183018512,963.9889999999979,73.01100000000213,19298056.78999999,1929.998678867886,9.866386638663881,12.134599999999985,9.865400000000015,194154.82839999982,19.417424582458228,-0.008369318382619673,0.9875941660589023,-0.008368481450781395,0.19363736388290115,1.9365672955585674e-05,5456.0,9778.0,9998.0,10000.0,10000.0,10000.0,10000.0,10000.0,10000.0,0.0,0.0,0.0,0.0,0.0,0.0,0.0,0.0,0.0,0.0,0.0,0.0,0.0
650.0,10000.0,0.0,82.66356635663351,978.3447000000021,82.65529999999785,19635162.819099985,1963.712653175316,-0.01712884708470898,0.0906431342000005,-0.017127134200000504,16.93238961242194,0.0016934083020724011,93.09180918091874,889.9174999999993,93.08250000000066,36818976.937499955,3682.26592034203,-10.428242824282563,88.42720000000014,-10.427200000000141,15838641.001599986,1584.0225024102397,85.88928892889192,966.119300000001,85.88069999999902,18874596.67509999,1887.6484323532345,-3.225722572257281,12.225400000000056,-3.2254000000000556,189709.94840000037,18.97289212921296,0.0039896295165351425,0.9875282058271894,0.003989230553583467,0.18914926783244937,1.8916818465091447e-05,6343.0,9865.0,9998.0,10000.0,10000.0,10000.0,10000.0,10000.0,10000.0,0.0,0.0,0.0,0.0,0.0,0.0,0.0,0.0,0.0,0.0,0.0,0.0,1.0
700.0,10000.0,0.0,116.48764876487371,980.5240000000027,116.47599999999727,19378300.239999983,1938.0238263826366,-0.01792681098109794,0.08173501829999984,-0.01792501829999983,15.634229002297621,0.0015635792581555777,126.39443944394782,900.6181999999966,126.38180000000341,35554604.2875999,3555.816010361026,-9.90679067906818,79.90580000000027,-9.90580000000027,14696243.263600027,1469.7713034903518,112.6779677967794,968.3333000000002,112.66669999999976,18637974.111100025,1863.9838094909517,3.809680968096817,12.190699999999993,3.8093000000000075,191155.33510000026,19.117445254525478,-0.0021760486191929607,0.9875905985621889,-0.0021758310143310533,0.18943083627389776,1.8944978125202297e-05,7096.0,9917.0,10000.0,10000.0,10000.0,10000.0,10000.0,10000.0,10000.0,1.0,0.0,0.0,0.0,0.0,0.0,0.0,0.0,0.0,0.0,0.0,0.0,1.0
750.0,10000.0,0.0,84.87818781878025,982.1303000000016,84.86969999999837,19457917.21910002,1945.9863205420563,-0.024888301830183313,0.0736208130000003,-0.024885813000000298,14.532654494074354,0.001453410790486484,104.9700970097042,910.0403999999968,104.9596000000032,34536479.67839999,3453.993367176716,-20.091909190919296,72.0899000000002,-20.0899000000002,13721854.179900048,1372.3226502550303,90.13371337133628,969.8753000000008,90.12469999999917,18749769.49909992,1875.1644663566278,-5.255525552555275,12.255000000000019,-5.2550000000000185,189765.75000000003,18.97847284728473,0.0058967752494055725,0.9875433645687004,0.005896185571880652,0.18816590760995466,1.8818472608256294e-05,7822.0,9955.0,9999.0,10000.0,10000.0,10000.0,10000.0,10000.0,10000.0,6.0,0.0,0.0,0.0,0.0,0.0,0.0,0.0,0.0,0.0,0.0,0.0,1.0
800.0,10000.0,0.0,144.49684968496956,983.5175999999989,144.48240000000112,18880354.902400017,1888.2243126712688,-0.029048919691969398,0.0662800148000002,-0.029046014800000207,13.358743015245782,0.0013360079023148096,167.49284928492546,918.523900000003,167.47609999999702,32824638.28789992,3282.792108000792,-22.99599959996,64.9937,-22.993700000000004,12651302.60310007,1265.256785988606,140.7174717471769,971.2965999999979,140.70340000000215,18209056.284400024,1821.0877372137238,3.7793779377937646,12.221000000000014,3.7789999999999857,190121.59000000058,19.014060406040663,-0.0017792991035083805,0.9875947240104774,-0.0017791211735980195,0.1887793684410262,1.8879824826585278e-05,8325.0,9974.0,10000.0,10000.0,10000.0,10000.0,10000.0,10000.0,10000.0,12.0,0.0,0.0,0.0,0.0,0.0,0.0,0.0,0.0,0.0,0.0,0.0,1.0
850.0,10000.0,0.0,55.04930493049369,984.9561999999994,55.0438000000006,19123350.815600008,1912.52633419342,-0.023044347134713497,0.05958004270000003,-0.02304204270000003,12.334039295546797,0.0012335272822829079,75.53525352535314,926.4722999999994,75.52770000000055,32418508.327100012,3242.1750502150226,-20.485948594859472,58.483899999999984,-20.483899999999984,11677463.407899994,1167.8631271027098,56.414641464146484,972.5909999999999,56.409000000000106,18433517.189999927,1843.5360726072533,-1.365336533653391,12.365200000000026,-1.3652000000000264,195402.28959999952,19.542183178317785,0.0019565291057476175,0.9874667434702399,0.001956333452837078,0.19286156704084614,1.9288085512635878e-05,8729.0,9984.0,10000.0,10000.0,10000.0,10000.0,10000.0,10000.0,10000.0,29.0,0.0,0.0,0.0,0.0,0.0,0.0,0.0,0.0,0.0,0.0,0.0,1.0
900.0,10000.0,0.0,-6.473847384738292,986.4731999999998,-6.4731999999997925,19342594.817599967,1934.452927052702,-0.025145173117311653,0.05371365859999992,-0.025142658599999923,11.395155090606464,0.0011396294720078472,18.326032603261638,933.6757999999987,18.32420000000127,31790090.94359994,3179.3270270627004,-24.799879987998573,52.797399999999776,-24.797399999999776,10814111.5324,1081.519305170517,-1.1363136313605082,974.1361999999974,-1.136199999997416,18638680.49560003,1864.0544550055035,-5.337533753375345,12.337000000000007,-5.337000000000007,188802.31000000046,18.88211921192124,0.005342846274332902,0.9875148308674374,0.005342311989705473,0.1857152585370723,1.8573383192026432e-05,9042.0,9985.0,10000.0,10000.0,10000.0,10000.0,10000.0,10000.0,10000.0,65.0,0.0,0.0,0.0,0.0,0.0,0.0,0.0,0.0,0.0,0.0,0.0,1.0
950.0,10000.0,0.0,96.57175717571806,987.4378999999996,96.56210000000044,19031097.435899973,1903.3000735973571,-0.037193895889588977,0.048260176500000015,-0.03719017650000002,10.455772811971471,0.0010456818493820854,132.04450445044301,939.9687000000021,132.03129999999794,30782113.20309998,3078.5191722272207,-35.472747274727276,47.4691999999998,-35.4691999999998,9967976.513600063,996.8973410941156,80.9152915291545,975.0927999999984,80.90720000000158,18366241.881600052,1836.8078689468998,15.656465646564655,12.345100000000002,15.654899999999998,191250.0598999997,19.12691868186816,-0.013349078401046266,0.9875174851906231,-0.01334774349320611,0.18819805179743432,1.882168734847828e-05,9262.0,9990.0,10000.0,10000.0,10000.0,10000.0,10000.0,10000.0,10000.0,114.0,0.0,0.0,0.0,0.0,0.0,0.0,0.0,0.0,0.0,0.0,0.0,0.0
1000.0,10000.0,0.0,36.756275627563014,989.2473999999997,36.75260000000026,18973265.93239991,1897.5163448744784,-0.03359583788378845,0.04333947830000007,-0.03359247830000007,9.455107772293331,0.0009456053377631094,69.46094609461045,946.545999999999,69.45400000000097,29738512.840000123,2974.1486988698994,-32.704670467046746,42.70140000000004,-32.70140000000004,9035786.380400006,903.6690049404946,37.16791679168057,976.8357999999986,37.164200000001415,18274736.383599944,1827.6564040003946,-0.4116411641164177,12.411600000000005,-0.4116000000000053,188709.85439999908,18.872872727272636,0.0008296746659564036,0.9874745018687616,0.0008295916984898399,0.18440332631961706,1.844217684964667e-05,9458.0,9993.0,10000.0,10000.0,10000.0,10000.0,10000.0,10000.0,10000.0,191.0,0.0,0.0,0.0,0.0,0.0,0.0,0.0,0.0,0.0,0.0,0.0,1.0
1050.0,10000.0,0.0,-39.039603960396335,991.0357000000002,-39.03570000000025,19087262.25510005,1908.917117221727,-0.03163972967296718,0.03898956569999988,-0.03163656569999988,8.634165366866847,0.0008635028869753823,-7.562556255623235,952.5617999999977,-7.561799999997675,29177959.807600062,2918.0877895389604,-31.477047704770662,38.473900000000185,-31.473900000000185,8297683.18789999,829.851303920391,-41.62396239623786,978.6197999999982,-41.619799999998236,18370644.47959997,1837.248172777275,2.584358435843633,12.41589999999995,2.584100000000049,196323.2718999999,19.634290619061897,-0.0032505676435246045,0.9874939400657518,-0.0032502425867602103,0.19101511166791688,1.910342150894258e-05,9580.0,9996.0,10000.0,10000.0,10000.0,10000.0,10000.0,10000.0,10000.0,294.0,0.0,0.0,0.0,0.0,0.0,0.0,0.0,0.0,0.0,0.0,0.0,0.0
1100.0,10000.0,0.0,-52.97659765976755,991.9713000000015,-52.97130000000152,18827498.763099995,1882.9381701270122,-0.026554437943794494,0.035071782500000113,-0.026551782500000114,7.830195778697931,0.0007830978876585589,-26.341634163418348,957.339000000002,-26.339000000001988,28177972.78999998,2818.079086908689,-26.634963496349798,34.632300000000164,-26.632300000000164,7553790.967099978,755.4546421742152,-49.476447644763766,979.4714999999993,-49.47149999999931,18091059.87749994,1809.2869164416384,-3.5001500150014984,12.499799999999999,-3.4997999999999987,199171.99960000024,19.91919187918794,0.0029931305000872044,0.9874225042762216,0.0029928311870371926,0.19298104190600546,1.930003419401995e-05,9687.0,9998.0,10000.0,10000.0,10000.0,10000.0,10000.0,10000.0,10000.0,441.0,0.0,0.0,0.0,0.0,0.0,0.0,0.0,0.0,0.0,0.0,0.0,4.0
1150.0,10000.0,0.0,-39.96909690969153,991.9651000000006,-39.965100000000575,19411486.819899946,1941.3428162716218,-0.0230091450145015,0.03140984410000005,-0.02300684410000005,6.960189527481946,0.000696088561604355,-16.96089608960483,960.9591999999959,-16.959199999995917,27839339.353599995,2784.212356595659,-23.008200820082013,31.005900000000004,-23.005900000000004,6689894.651899986,669.0563708270813,-46.50565056505593,979.5009999999994,-46.50099999999941,18702325.990000043,1870.4196409641006,6.536553655365564,12.464099999999972,6.535900000000028,194451.11189999964,19.44705589558952,-0.007414845210911181,0.9874561205331127,-0.007414103726390064,0.18898873363498167,1.8900763439842152e-05,9784.0,9999.0,10000.0,10000.0,10000.0,10000.0,10000.0,10000.0,10000.0,611.0,0.0,0.0,0.0,0.0,0.0,0.0,0.0,0.0,0.0,0.0,0.0,2.0
1200.0,10000.0,0.0,-30.751975197518277,992.7488999999986,-30.74889999999857,19319096.48790003,1932.1028590759106,-0.022980640164016422,0.02817634210000002,-0.02297834210000002,6.226437918216659,0.0006227060624279087,-7.918691869190866,964.9179000000039,-7.917900000003897,26961979.595899925,2696.4676063506276,-22.833283328332833,27.831,-22.831,5988312.389999974,598.8911281128086,-37.21782178217347,980.2140999999953,-37.214099999995256,18583538.611899946,1858.5397151615107,6.465846584658454,12.534800000000011,6.465199999999989,203877.88959999866,20.389827942794145,-0.0071476914464341235,0.9873964569267697,-0.007146976677289474,0.19724859509475373,1.9726832192694642e-05,9847.0,9999.0,10000.0,10000.0,10000.0,10000.0,10000.0,10000.0,10000.0,834.0,0.0,0.0,0.0,0.0,0.0,0.0,0.0,0.0,0.0,0.0,0.0,1.0
1250.0,10000.0,0.0,-4.232723272327007,993.2322999999998,-4.232299999999782,18985909.36710001,1898.7808147914802,-0.02327323942394239,0.025292912099999995,-0.023270912099999996,5.550974585113748,0.0005551529738087557,18.782378237821376,968.2195000000024,18.780499999997573,25524409.197499957,2552.6961893689327,-23.015101510151023,25.01280000000001,-23.01280000000001,5363436.361599992,536.397275887588,-4.749474947497674,980.749000000003,-4.7490000000029795,18265887.989999883,1826.7714761476032,0.5167516751675052,12.483300000000012,0.5166999999999877,194707.2111,19.47266837683768,-0.000598433901805695,0.9874537835629656,-0.0005983740584155628,0.18817512955634483,1.8819394895123997e-05,9902.0,10000.0,10000.0,10000.0,10000.0,10000.0,10000.0,10000.0,10000.0,1077.0,0.0,0.0,0.0,0.0,0.0,0.0,0.0,0.0,0.0,0.0,0.0,1.0
1300.0,10000.0,0.0,11.205720572055725,993.7954000000015,11.20459999999855,19120645.388400007,1912.2557644164424,-0.020690143814381404,0.022678074799999965,-0.020688074799999966,4.98255418560204,0.0004983052490851124,31.652365236522655,971.350800000001,31.64919999999904,24923003.39360004,2492.549594319436,-20.44664466446645,22.444600000000005,-20.444600000000005,4836999.308399998,483.7483056705668,14.760376037605283,981.2410999999985,14.758900000001518,18449829.707899977,1845.1674875387516,-3.554655465546535,12.55429999999998,-3.55429999999998,198650.51509999973,19.867038213821356,0.0036582970119349856,0.9873868449371692,0.0036579311822337868,0.19297035130205883,1.9298965026708555e-05,9933.0,10000.0,10000.0,10000.0,10000.0,10000.0,10000.0,10000.0,10000.0,1388.0,0.0,0.0,0.0,0.0,0.0,0.0,0.0,0.0,0.0,0.0,0.0,1.0
1350.0,10000.0,0.0,81.3012301230134,993.7068999999989,81.29310000000112,18821233.92390007,1882.3116235523623,-0.020415601160116016,0.020413559600000006,-0.020413559600000006,4.565677013158454,0.00045661336265211057,101.50385038503828,973.5063000000002,101.49369999999976,24142887.60309993,2414.530213331326,-20.20262026202623,20.200600000000026,-20.200600000000026,4423245.59640001,442.368796519653,77.80478047804831,981.2029999999995,77.79700000000048,18151459.910000004,1815.3275237523756,3.49644964496453,12.503899999999966,3.496100000000034,192705.84789999918,19.27251204120404,-0.0023205657554004055,0.9874366127685923,-0.0023203336988248946,0.187029095322087,1.870478001020972e-05,9945.0,10000.0,10000.0,10000.0,10000.0,10000.0,10000.0,10000.0,10000.0,1702.0,0.0,0.0,0.0,0.0,0.0,0.0,0.0,0.0,0.0,0.0,0.0,5.0
1400.0,10000.0,0.0,78.47274727473018,994.5350999999973,78.46490000000267,18865419.679899927,1886.7306410540982,-0.018294887488748888,0.01829305800000001,-0.01829305800000001,4.080879971902361,0.0004081288100712432,96.58915891588822,976.4205000000034,96.57949999999664,23696120.797499888,2369.8490646564546,-18.11641164116417,18.114600000000053,-18.114600000000053,3959724.6683999933,396.012068046804,73.97329732973333,982.0340999999996,73.96590000000037,18142823.371899948,1814.4637835683516,4.499449944994511,12.500999999999989,4.499000000000011,198395.9899999994,19.84158315831577,-0.0032969844076305987,0.9874532250726568,-0.003296654709189828,0.191892954829874,1.9191214604447846e-05,9958.0,10000.0,10000.0,10000.0,10000.0,10000.0,10000.0,10000.0,10000.0,2024.0,0.0,0.0,0.0,0.0,0.0,0.0,0.0,0.0,0.0,0.0,0.0,0.0
1450.0,10000.0,0.0,55.615661566156746,995.3898999999999,55.6101000000001,19278044.779899977,1927.9972777177695,-0.016561668066806656,0.016560011899999973,-0.016560011899999973,3.752783171869571,0.00037531584877183426,72.01960196019718,978.9875999999988,72.01240000000121,23869410.462399907,2387.1797642164124,-16.403940394039342,16.402299999999936,-16.402299999999936,3640466.5471000057,364.0830630163022,56.217421742177066,982.7881999999971,56.21180000000288,18550031.407599997,1855.1886596259624,-0.6017601760176099,12.601700000000008,-0.6017000000000081,195648.57109999933,19.566813791379072,0.0012205033568842838,0.9873619212624334,0.001220381306548557,0.18865336729862017,1.886722345220724e-05,9963.0,10000.0,10000.0,10000.0,10000.0,10000.0,10000.0,10000.0,10000.0,2393.0,0.0,0.0,0.0,0.0,0.0,0.0,0.0,0.0,0.0,0.0,0.0,1.0
1500.0,10000.0,0.0,19.237223722372846,995.7646999999994,19.23530000000062,18965639.339100093,1896.7536092709363,-0.01482055715571557,0.014819075099999999,-0.014819075099999999,3.356649780364588,0.00033569854789124794,33.9146914691496,981.0886999999973,33.91130000000271,23245126.323099967,2324.7451068206788,-14.67746774677471,14.676000000000032,-14.676000000000032,3248184.240000002,324.8509090909093,21.809780978096796,983.192400000001,21.807599999998956,18229153.822400015,1823.0976920092023,-2.572557255725549,12.572299999999977,-2.572299999999977,198475.72710000057,19.849557665766635,0.002750679699515257,0.9873973786196862,0.0027504046315453,0.19120876070218773,1.9122788349053678e-05,9971.0,10000.0,10000.0,10000.0,10000.0,10000.0,10000.0,10000.0,10000.0,2770.0,0.0,0.0,0.0,0.0,0.0,0.0,0.0,0.0,0.0,0.0,0.0,0.0
1550.0,10000.0,0.0,11.8298829882973,996.1713000000016,11.828699999998435,18771927.56310009,1877.3804943594448,-0.013317242124212408,0.013315910399999987,-0.013315910399999987,3.0286185480477172,0.0003028921440191736,25.02560256025481,982.9769000000013,25.02309999999875,22617959.66389997,2262.0221686068576,-13.195719571957223,13.194400000000028,-13.194400000000028,2941082.0863999976,294.13762240223997,14.387738773874048,983.6137000000033,14.386299999996709,18112200.723100048,1811.4012124312478,-2.5578557855784947,12.557599999999937,-2.557599999999937,195046.82239999992,19.50663290329032,0.002666382827339109,0.9874132488903088,0.0026661161890563223,0.18808655233108615,1.881053628673729e-05,9973.0,10000.0,10000.0,10000.0,10000.0,10000.0,10000.0,10000.0,10000.0,3191.0,0.0,0.0,0.0,0.0,0.0,0.0,0.0,0.0,0.0,0.0,0.0,2.0
1600.0,10000.0,0.0,13.743774377434875,996.2576000000029,13.742399999997133,19110808.422399983,1911.271969436942,-0.011991839783978383,0.011990640599999986,-0.011990640599999986,2.7344821953503233,0.00027347556709174153,25.629162916292557,984.373399999999,25.626600000000963,22541073.724399973,2254.3328057205695,-11.885388538853917,11.884200000000032,-11.884200000000032,2662163.903599999,266.243014661466,5.332133213322095,983.6683999999992,5.331600000000776,18356274.41440005,1835.811022542259,8.411641164116364,12.589200000000048,8.410799999999952,201104.43360000025,20.11245460546057,-0.008180237006379154,0.9873873397747577,-0.008179418982678488,0.19309570943960921,1.931150209417034e-05,9983.0,10000.0,10000.0,10000.0,10000.0,10000.0,10000.0,10000.0,10000.0,3613.0,0.0,0.0,0.0,0.0,0.0,0.0,0.0,0.0,0.0,0.0,0.0,1.0
1650.0,10000.0,0.0,60.660066006599095,996.3460000000016,60.653999999998405,18898444.840000056,1890.0334873487404,-0.010771800280028046,0.010770723100000042,-0.010770723100000042,2.4589976087582595,0.00024592435331115704,71.3526352635231,985.6545000000033,71.34549999999672,21684151.29749994,2168.631992949289,-10.692569256925706,10.691500000000014,-10.691500000000014,2411143.277499996,241.13844159415902,55.22362236223921,983.781899999997,55.218100000003005,18163415.323899925,1816.5231847084633,5.4364436443644415,12.564099999999994,5.4359000000000055,194994.91189999905,19.501441334133318,-0.004442474505356175,0.9874127019702993,-0.0044420302579056825,0.1871352726076457,1.8715398800644634e-05,9982.0,10000.0,10000.0,10000.0,10000.0,10000.0,10000.0,10000.0,10000.0,4012.0,0.0,0.0,0.0,0.0,0.0,0.0,0.0,0.0,0.0,0.0,0.0,0.0
1700.0,10000.0,0.0,15.98339833983232,997.0182000000017,15.981799999998316,18923900.68759994,1892.579326692663,-0.00960524712471248,0.00960428660000001,-0.00960428660000001,2.162300925588605,0.00021625171773063357,25.531553155315805,987.4709999999998,25.529000000000224,21257097.5900001,2125.9223512351336,-9.54815481548153,9.547199999999982,-9.547199999999982,2125681.721599997,212.58943110311,14.611661166114573,984.3898000000021,14.610199999997917,18254098.559599977,1825.592415201518,1.3717371737174062,12.628399999999965,1.3716000000000346,197281.13439999978,19.730086448644844,-0.001173816041207587,0.9873533630228809,-0.0011736986596034837,0.19046671534758178,1.904857639239742e-05,9995.0,10000.0,10000.0,10000.0,10000.0,10000.0,10000.0,10000.0,10000.0,4411.0,0.0,0.0,0.0,0.0,0.0,0.0,0.0,0.0,0.0,0.0,0.0,0.0
1750.0,10000.0,0.0,39.84168416841669,997.1623000000002,39.83769999999981,18870347.587099984,1887.2234810581042,-0.008616434643464392,0.008615573000000046,-0.008615573000000046,1.9217191915267082,0.00019219113826649748,48.3945394539478,988.6102999999976,48.38970000000245,21215872.3391001,2121.799413851395,-8.55285528552853,8.551999999999977,-8.551999999999977,1882660.9599999972,188.28492449244897,35.43244324432442,984.5711,35.4289,18163769.44789997,1816.558600650062,4.409240924092407,12.591200000000002,4.408799999999998,191128.82560000036,19.114794039403975,-0.0037880313558854573,0.987394209929799,-0.0037876525527498206,0.18355709871558498,1.835754562612111e-05,9997.0,10000.0,10000.0,10000.0,10000.0,10000.0,10000.0,10000.0,10000.0,4805.0,0.0,0.0,0.0,0.0,0.0,0.0,0.0,0.0,0.0,0.0,0.0,1.0
1800.0,10000.0,0.0,24.689168916890253,997.3133000000014,24.68669999999861,18836461.43109999,1883.8345265626551,-0.007722147214721442,0.0077213749999999704,-0.0077213749999999704,1.7247293966037498,0.0001724901886792429,32.357035703569636,989.6462000000007,32.353799999999296,20901312.255599827,2090.340259585941,-7.667866786678667,7.6671,-7.6671,1688768.7759000002,168.8937669666967,29.269826982696827,984.7331000000014,29.2668999999986,18072800.643899955,1807.4608104710426,-4.580658065806569,12.580199999999989,-4.580199999999989,199523.6795999993,19.954363396339563,0.004762048383031514,0.9874106391721004,0.004761572178193174,0.19119731563230932,1.912164372760369e-05,9996.0,10000.0,10000.0,10000.0,10000.0,10000.0,10000.0,10000.0,10000.0,5178.0,0.0,0.0,0.0,0.0,0.0,0.0,0.0,0.0,0.0,0.0,0.0,0.0
1850.0,10000.0,0.0,-4.499449944994012,997.4989999999996,-4.498999999999569,18795129.990000006,1879.7009690969103,-0.00691950265026503,0.006918810700000004,-0.006918810700000004,1.54726204363866,0.00015474167853171916,2.377837783779455,990.622399999999,2.3776000000010526,20551482.182400018,2055.3537536153635,-6.877287728772862,6.876599999999985,-6.876599999999985,1519891.7243999918,152.0043728772869,-3.9576957695775263,984.9573000000006,-3.9573000000006004,18061142.76710003,1806.294906200623,-0.5417541754175659,12.541700000000024,-0.5417000000000236,195746.6110999994,19.57661877187713,0.0004653467400262956,0.9874501076496326,0.00046530020535229255,0.18772038708639585,1.877391610024961e-05,9996.0,10000.0,10000.0,10000.0,10000.0,10000.0,10000.0,10000.0,10000.0,5525.0,0.0,0.0,0.0,0.0,0.0,0.0,0.0,0.0,0.0,0.0,0.0,2.0
1900.0,10000.0,0.0,20.47754775477449,997.524500000001,20.475499999998988,18662841.997499913,1866.4708468346748,-0.00616771477147715,0.006167098000000002,-0.006167098000000002,1.3536920616059687,0.00013538274443504036,26.609560956101518,991.3930999999941,26.606900000005908,20164195.723899983,2016.6212345134497,-6.132013201320122,6.13139999999999,-6.13139999999999,1330995.3403999968,133.11284532453215,22.032003200321356,984.9701999999987,22.029800000001273,17946219.119600013,1794.8013920992112,-1.554455445544562,12.554300000000008,-1.5543000000000085,196380.51510000002,19.640015511551155,0.0017578843141361489,0.987436790491977,0.001757708525704782,0.18804075096506068,1.8805955692075276e-05,9997.0,10000.0,10000.0,10000.0,10000.0,10000.0,10000.0,10000.0,10000.0,5853.0,0.0,0.0,0.0,0.0,0.0,0.0,0.0,0.0,0.0,0.0,0.0,1.0
1950.0,10000.0,0.0,-13.04660466046596,998.0452999999999,-13.045299999999884,18410536.47909997,1841.2377716871658,-0.005471368636863684,0.005470821499999998,-0.005470821499999998,1.1900268057383823,0.00011901458203204143,-7.611661166114686,992.6108999999981,-7.610899999998082,19895057.011900034,1989.704671657169,-5.434943494349425,5.43439999999999,-5.43439999999999,1168640.9663999996,116.8757842184218,-11.44064406440441,985.439499999998,-11.43949999999802,17703485.397499964,1770.5255923092272,-1.6059605960596137,12.605800000000007,-1.6058000000000074,192636.06360000055,19.265532913291384,0.0014413868839504573,0.9873912445643827,0.001441242745262028,0.18434832849413357,1.8436676517065063e-05,9997.0,10000.0,10000.0,10000.0,10000.0,10000.0,10000.0,10000.0,10000.0,6176.0,0.0,0.0,0.0,0.0,0.0,0.0,0.0,0.0,0.0,0.0,0.0,1.0
2000.0,10000.0,0.0,-77.86058605860751,997.8528000000016,-77.8528000000016,18664727.32160002,1866.659398099812,-0.004857252625262544,0.004856766900000018,-0.004856766900000018,1.0395602704496467,0.0001039664236873334,-73.02860286028636,993.0213000000003,-73.02130000000034,19808014.463099986,1980.999546264625,-4.831983198319823,4.831499999999991,-4.831499999999991,1026045.077499999,102.61476922692259,-68.2227222722288,985.2159000000016,-68.21590000000162,17939522.871900074,1794.1317003600434,-9.637863786378636,12.636899999999999,-9.636899999999999,198396.58390000026,19.84164255425545,0.00938138070371164,0.9873586878691413,0.0093804425656413,0.18997142552100532,1.8999042456346167e-05,9998.0,10000.0,10000.0,10000.0,10000.0,10000.0,10000.0,10000.0,10000.0,6511.0,0.0,0.0,0.0,0.0,0.0,0.0,0.0,0.0,0.0,0.0,0.0,0.0
2050.0,10000.0,0.0,-39.517651765177334,997.5137000000008,-39.51370000000077,18968338.12309995,1897.0235146614611,-0.004331361936193597,0.004330928799999978,-0.004330928799999978,0.9169151960393072,9.170068967289801e-05,-35.211621162116444,993.2081000000003,-35.208100000000286,20001011.943900052,2000.3012245124564,-4.306030603060283,4.305599999999977,-4.305599999999977,905612.086400003,90.57026566656697,-32.857085708569116,984.8537999999983,-32.85379999999827,18258058.255599923,1825.9884244024327,-6.660566056605646,12.659899999999984,-6.659899999999984,197186.31989999904,19.720604050404944,0.006407585122266357,0.9873300076195445,0.006406944363754108,0.18957876150646533,1.895977212785932e-05,9998.0,10000.0,10000.0,10000.0,10000.0,10000.0,10000.0,10000.0,10000.0,6799.0,0.0,0.0,0.0,0.0,0.0,0.0,0.0,0.0,0.0,0.0,0.0,0.0
2100.0,10000.0,0.0,-38.01570157015533,998.0118999999983,-38.01189999999826,18579819.58389998,1858.1677751675147,-0.0039208052805280525,0.003920413199999999,-0.003920413199999999,0.8473708217106568,8.474555672673835e-05,-34.113711371136446,994.1102999999994,-34.11029999999937,19491913.33909999,1949.3862725372526,-3.901990199019903,3.901600000000001,-3.901600000000001,838263.1743999972,83.83470091009073,-31.406640664068277,985.4035000000018,-31.403500000001827,17925638.877500035,1792.74316206621,-6.609060906090617,12.608400000000008,-6.6084000000000085,194330.49440000122,19.43499293929405,0.006365040995014337,0.9873855955090852,0.006364404490914799,0.18726005124693765,1.8727877912485014e-05,9998.0,10000.0,10000.0,10000.0,10000.0,10000.0,10000.0,10000.0,10000.0,7072.0,0.0,0.0,0.0,0.0,0.0,0.0,0.0,0.0,0.0,0.0,0.0,2.0
2150.0,10000.0,0.0,28.622062206219766,998.3808000000008,28.619199999999182,18600589.913600028,1860.2450158615889,-0.003497307530753079,0.0034969578000000035,-0.0034969578000000035,0.7657121071061924,7.657886859747899e-05,32.10611061106056,994.8971000000006,32.10289999999941,19382993.1159001,1938.4931609061005,-3.4840484048404803,3.4836999999999962,-3.4836999999999962,759489.3431000012,75.95652996299643,23.24902490249167,985.7532999999986,23.246700000001397,17902766.391100023,1790.45568467847,5.37303730373042,12.627499999999953,5.372500000000047,199475.43749999997,19.949538703870385,-0.0049008121168026,0.987373545015143,-0.004900322035590876,0.19168992498293638,1.9170909589252562e-05,9999.0,10000.0,10000.0,10000.0,10000.0,10000.0,10000.0,10000.0,10000.0,7359.0,0.0,0.0,0.0,0.0,0.0,0.0,0.0,0.0,0.0,0.0,0.0,0.0
2200.0,10000.0,0.0,34.07170717071995,997.9316999999971,34.068300000002864,19036884.3511001,1903.878822992309,-0.0031020290029002947,0.0031017188000000044,-0.0031017188000000044,0.677070455709267,6.771381695262197e-05,37.165116511651945,994.8385999999992,37.161400000000754,19638643.500400063,1964.0607561156178,-3.093409340934104,3.0931000000000104,-3.0931000000000104,673424.3239000017,67.34916730673085,29.698869886992384,985.3040999999963,29.69590000000369,18386650.23189992,1838.8489080808001,4.372837283728343,12.62760000000003,4.3723999999999705,196259.1824000007,19.62788102810288,-0.0038380071564598772,0.9873647551386899,-0.003837623355744224,0.18918108754415586,1.8920000754491035e-05,9999.0,10000.0,10000.0,10000.0,10000.0,10000.0,10000.0,10000.0,10000.0,7601.0,0.0,0.0,0.0,0.0,0.0,0.0,0.0,0.0,0.0,0.0,0.0,0.0
2250.0,10000.0,0.0,20.21562156215157,997.7864000000046,20.21359999999538,18868965.750400003,1887.0852835683572,-0.0027576128612861353,0.002757337100000007,-0.002757337100000007,0.6105815513966335,6.106426156581993e-05,22.961096109610935,995.0412,22.958799999999997,19483875.02560002,1948.5823607960815,-2.7454745474547533,2.7452000000000076,-2.7452000000000076,602936.7695999984,60.299706930692906,19.820582058205446,985.1814000000004,19.818599999999606,18174204.9403999,1817.6022542654166,0.39503950395039666,12.604999999999999,0.39500000000000135,200021.74999999994,20.00417541754175,-0.00015832259404335858,0.987388169237226,-0.0001583067617839662,0.19189112309927553,1.919103141306886e-05,9998.0,10000.0,10000.0,10000.0,10000.0,10000.0,10000.0,10000.0,10000.0,7837.0,0.0,0.0,0.0,0.0,0.0,0.0,0.0,0.0,0.0,0.0,0.0,0.0
2300.0,10000.0,0.0,0.07840784078302931,997.921600000001,0.07839999999896463,18365150.534399956,1836.6987233123268,-0.0025117990799079946,0.0025115479000000036,-0.0025115479000000036,0.5487415629850559,5.4879644262931884e-05,2.5781578157765352,995.422100000005,2.5778999999949974,18952619.31589995,1895.4514767376688,-2.499749974997497,2.499499999999997,-2.499499999999997,542523.9975000041,54.25782553255367,6.701970197016976,985.2987000000028,6.701299999997218,17727604.783099983,1772.9377720872071,-6.623562356235613,12.622899999999989,-6.622899999999989,195958.95589999948,19.597855375537502,0.006619139190064627,0.9873694986757582,0.006618477276145618,0.18951773933279886,1.8953669300209906e-05,9998.0,10000.0,10000.0,10000.0,10000.0,10000.0,10000.0,10000.0,10000.0,8013.0,0.0,0.0,0.0,0.0,0.0,0.0,0.0,0.0,0.0,0.0,0.0,0.0
2350.0,10000.0,0.0,57.543054305427745,997.4627000000028,57.53729999999723,18908002.087100115,1890.9893076407755,-0.0022289322932293213,0.0022287093999999986,-0.0022287093999999986,0.49483936539751705,4.948888542829454e-05,59.75987598759946,995.2460999999993,59.753900000000726,19442289.34790006,1944.4233771277186,-2.216821682168218,2.216600000000001,-2.216600000000001,489942.84439999895,48.99918435843574,49.07050705070537,984.9343999999996,49.06560000000036,18190336.96640006,1819.2156182018264,8.47254725472548,12.528299999999993,8.471700000000007,197069.9911000002,19.70897000700072,-0.00736773807150104,0.9874617880275517,-0.007367001297693854,0.1892699185104162,1.892888473951557e-05,9997.0,10000.0,10000.0,10000.0,10000.0,10000.0,10000.0,10000.0,10000.0,8201.0,0.0,0.0,0.0,0.0,0.0,0.0,0.0,0.0,0.0,0.0,0.0,0.0
2400.0,10000.0,0.0,47.34913491349232,997.655599999999,47.344400000000974,19230387.886400044,1923.2311117511795,-0.002001009600960091,0.002000809499999995,-0.002000809499999995,0.4431208219720988,4.431651384859474e-05,49.33543354335518,995.6694999999992,49.330500000000825,19781988.697499968,1978.3967094209388,-1.98629862986299,1.9861000000000038,-1.9861000000000038,435303.0679000022,43.53466025602582,48.980598059809836,985.0242999999962,48.975700000003826,18528065.095100064,1852.9918086908754,-1.631463146314685,12.631300000000053,-1.6313000000000528,198925.60309999986,19.894549764976485,0.0021140943547245383,0.9873598012652373,0.002113882945289025,0.1914743590461176,1.9149350839695728e-05,9999.0,10000.0,10000.0,10000.0,10000.0,10000.0,10000.0,10000.0,10000.0,8368.0,0.0,0.0,0.0,0.0,0.0,0.0,0.0,0.0,0.0,0.0,0.0,1.0
2450.0,10000.0,0.0,32.23702370237106,997.7661999999992,32.23380000000077,18991497.37560004,1899.3396715271567,-0.0017838037803780357,0.0017836253999999978,-0.0017836253999999978,0.3912074882787462,3.912466129400402e-05,34.011201120113356,995.9921999999987,34.00780000000134,19416015.39160007,1941.79571873188,-1.7741774177417682,1.773999999999994,-1.773999999999994,386829.2399999983,38.686792679267754,29.911691169113624,985.0913000000033,29.908699999996657,18253519.643100027,1825.534517761779,2.325332533253375,12.67489999999995,2.3251000000000506,200250.09990000018,20.027012691269146,-0.0018827995094465866,0.9873195044333791,-0.0018826112294956232,0.19192088113960748,1.919400751471222e-05,10000.0,10000.0,10000.0,10000.0,10000.0,10000.0,10000.0,10000.0,10000.0,8527.0,0.0,0.0,0.0,0.0,0.0,0.0,0.0,0.0,0.0,0.0,0.0,1.0
2500.0,10000.0,0.0,-24.594459445943812,998.5919999999992,-24.59199999999919,19037187.36000004,1903.9091269126952,-0.0016224809480948103,0.0016223187000000009,-0.0016223187000000009,0.36376789008930166,3.638042705163533e-05,-22.973997399738437,996.9716999999985,-22.971699999998464,19333168.99110002,1933.5102501350157,-1.6204620462046264,1.6203000000000058,-1.6203000000000058,364307.27910000185,36.4343713471349,-24.98959895989617,985.9871000000002,-24.98710000000017,18290059.335899957,1829.1888524752433,0.395139513951392,12.604900000000002,0.39509999999999756,199115.95990000007,19.913587348734882,-0.0007478051053844137,0.9874007077376049,-0.000747730324873852,0.19012589131325222,1.901449058038326e-05,10000.0,10000.0,10000.0,10000.0,10000.0,10000.0,10000.0,10000.0,10000.0,8664.0,0.0,0.0,0.0,0.0,0.0,0.0,0.0,0.0,0.0,0.0,0.0,2.0
2550.0,10000.0,0.0,21.677767776777046,999.3244000000007,21.67559999999935,18674679.646400016,1867.6547301130129,-0.00145995609560957,0.0014598101000000091,-0.0014598101000000091,0.3259071805543791,3.259397745318323e-05,23.13401340134203,997.8682999999982,23.131700000001842,18998609.551099967,1900.0509602060174,-1.456245624562457,1.4561000000000008,-1.4561000000000008,324430.7278999999,32.446317421742165,18.33243324332591,986.6693999999984,18.330600000001596,18002045.036399953,1800.3845420942048,3.3453345334533626,12.654999999999983,3.3450000000000166,202447.74999999997,20.246799679967992,-0.00302775093067853,0.9873565372838911,-0.0030274481555854216,0.19434308545973145,1.9436252171190262e-05,10000.0,10000.0,10000.0,10000.0,10000.0,10000.0,10000.0,10000.0,10000.0,8800.0,0.0,0.0,0.0,0.0,0.0,0.0,0.0,0.0,0.0,0.0,0.0,0.0
2600.0,10000.0,0.0,61.62066206620261,998.385500000004,61.61449999999604,19125422.897499945,1912.7335631063052,-0.0013067806780678074,0.0013066500000000006,-0.0013066500000000006,0.28643575451500053,2.8646440095509602e-05,62.92139213921416,997.0848999999997,62.91510000000028,19438770.919899974,1944.0714991399113,-1.3007300730072957,1.3005999999999949,-1.3005999999999949,283378.3963999999,28.34067370737073,61.24262426242478,985.7635000000015,61.2364999999985,18468053.677499987,1846.9900667566744,0.37803780378036933,12.622000000000009,0.37799999999999123,192961.16,19.298045804580457,0.00035948839696475776,0.9873763966084786,0.00035945244812507493,0.18590863270487068,1.859272254274134e-05,10000.0,10000.0,10000.0,10000.0,10000.0,10000.0,10000.0,10000.0,10000.0,8918.0,0.0,0.0,0.0,0.0,0.0,0.0,0.0,0.0,0.0,0.0,0.0,1.0
2650.0,10000.0,0.0,52.421842184220054,998.5833999999984,52.41660000000161,18307046.44440002,1830.8877332133234,-0.0011716154615461476,0.001171498299999993,-0.001171498299999993,0.25853088573597083,2.5855674141011185e-05,53.58675867586635,997.4186000000012,53.58139999999878,18623699.740399994,1862.5562296629657,-1.164916491649168,1.1648000000000032,-1.1648000000000032,254714.40960000138,25.47398835883602,56.00820082008158,985.9974000000004,56.002599999999575,17614469.932400096,1761.6231555555653,-3.5863586358636184,12.586000000000032,-3.5860000000000323,196504.04000000018,19.65236923692371,0.004019513269277963,0.9874176156087854,0.004019111317951074,0.18846610253513996,1.88484951030243e-05,10000.0,10000.0,10000.0,10000.0,10000.0,10000.0,10000.0,10000.0,10000.0,9032.0,0.0,0.0,0.0,0.0,0.0,0.0,0.0,0.0,0.0,0.0,0.0,2.0
2700.0,10000.0,0.0,58.018801880188676,997.9869999999994,58.0130000000006,18299156.309999965,1830.0986408640829,-0.0010322579257925838,0.0010321547000000045,-0.0010321547000000045,0.21728775978367762,2.173094907327509e-05,59.04670467046958,996.9591999999975,59.04080000000249,18523521.35359995,1852.537389098905,-1.0279027902790292,1.0278000000000014,-1.0278000000000014,215074.27160000097,21.509578117811877,55.631963196320726,985.3735999999989,55.62640000000113,17678096.230399862,1767.9864216821545,2.3868386838684046,12.613399999999983,2.3866000000000174,194593.4044000005,19.461286568656917,-0.0015837151091179225,0.9873790112830616,-0.001583556737607017,0.18737789189654336,1.873966315596993e-05,10000.0,10000.0,10000.0,10000.0,10000.0,10000.0,10000.0,10000.0,10000.0,9128.0,0.0,0.0,0.0,0.0,0.0,0.0,0.0,0.0,0.0,0.0,0.0,0.0
2750.0,10000.0,0.0,56.12571257125751,997.8798999999996,56.120100000000434,18590500.75989998,1859.2359995899571,-0.0009387164716471644,0.0009386225999999996,-0.0009386225999999996,0.2084349891176926,2.0845583470116272e-05,57.061706170619345,996.9439999999977,57.056000000002314,18777406.640000105,1877.928456845695,-0.9359935993599363,0.9359000000000003,-0.9359000000000003,208651.91190000018,20.867277917791796,59.77207720772162,985.2338999999992,59.76610000000085,17844071.9079,1784.5856493549356,-3.646364636463648,12.646000000000003,-3.6460000000000026,199772.84,19.97928192819282,0.00411051048543698,0.9873510011348715,0.004110099434388448,0.19085673723157573,1.9087582481405715e-05,10000.0,10000.0,10000.0,10000.0,10000.0,10000.0,10000.0,10000.0,10000.0,9201.0,0.0,0.0,0.0,0.0,0.0,0.0,0.0,0.0,0.0,0.0,0.0,0.0
2800.0,10000.0,0.0,55.31883188319,997.6866999999983,55.31330000000173,18803225.431099948,1880.5105941694117,-0.0008517952795279527,0.0008517100999999999,-0.0008517100999999999,0.1917120160445799,1.9173118916349625e-05,56.16441644164763,996.8411999999965,56.15880000000345,19041819.82560002,1904.3724198019822,-0.8455845584558473,0.8455000000000018,-0.8455000000000018,188432.2974999996,18.845114261426104,46.87538753875208,985.1293000000018,46.87069999999824,18091591.815100025,1809.3401155215547,8.443444344434448,12.557399999999994,8.442600000000006,196521.0524000007,19.654070647064778,-0.00737905815781581,0.9874353003089801,-0.007378320252000026,0.18844868070883017,1.884675274615763e-05,10000.0,10000.0,10000.0,10000.0,10000.0,10000.0,10000.0,10000.0,10000.0,9278.0,0.0,0.0,0.0,0.0,0.0,0.0,0.0,0.0,0.0,0.0,0.0,0.0
2850.0,10000.0,0.0,-0.12831283128502946,998.1283000000019,-0.12830000000190012,18761464.391100053,1876.334072517257,-0.0007585567556755634,0.0007584808999999958,-0.0007584808999999958,0.1648000014803517,1.648164831286646e-05,0.6256625662531405,997.3744000000034,0.6255999999965525,18953420.246400032,1895.531577797783,-0.7539753975397532,0.7538999999999992,-0.7538999999999992,162169.3478999997,16.21855664566454,-3.5461546154607504,985.5457999999992,-3.54579999999919,18027963.023599975,1802.9766000199995,3.417841784178435,12.582499999999982,3.417500000000018,196429.93750000047,19.64495824582463,-0.00344936444702193,0.9874169553823207,-0.0034490195105771893,0.18829033670910078,1.8830916762586337e-05,10000.0,10000.0,10000.0,10000.0,10000.0,10000.0,10000.0,10000.0,10000.0,9343.0,0.0,0.0,0.0,0.0,0.0,0.0,0.0,0.0,0.0,0.0,0.0,1.0
2900.0,10000.0,0.0,-71.2767276727676,998.2696000000003,-71.26960000000031,18939897.158400018,1894.179133753377,-0.0006947901790178991,0.0006947206999999972,-0.0006947206999999972,0.15394065044691457,1.5395604605151972e-05,-70.58705870586982,997.5799999999992,-70.57999999999925,19140230.000000015,1914.2144214421457,-0.6896689668966914,0.6896000000000018,-0.6896000000000018,149962.51840000003,14.99775161516152,-66.62256225622457,985.615899999999,-66.61589999999899,18277955.671899855,1827.978365026488,-4.654165416541639,12.653699999999985,-4.653699999999985,198115.76309999998,19.813557665766574,0.004026673919019785,0.9873437395358586,0.004026271251627911,0.19053652419715908,1.905555797551346e-05,10000.0,10000.0,10000.0,10000.0,10000.0,10000.0,10000.0,10000.0,10000.0,9410.0,0.0,0.0,0.0,0.0,0.0,0.0,0.0,0.0,0.0,0.0,0.0,0.0
2950.0,10000.0,0.0,-76.58575857585879,997.5781000000012,-76.5781000000012,18258313.00390001,1826.0139017801791,-0.0006232686268626864,0.0006232063000000002,-0.0006232063000000002,0.13641309950340308,1.3642674217762084e-05,-75.96819681967963,996.9605999999976,-75.96059999999761,18449282.476399984,1845.11275891589,-0.6175617561756171,0.6174999999999996,-0.6174999999999996,132703.9375,13.271720922092209,-72.03820382038305,985.031000000001,-72.03100000000097,17534400.39000001,1753.6154005400551,-4.547554755475549,12.5471,-4.5471,194295.81589999914,19.43152474247416,0.003868669863306251,0.987445506363072,0.003868282996319916,0.1861926416349173,1.8621126276119342e-05,10000.0,10000.0,10000.0,10000.0,10000.0,10000.0,10000.0,10000.0,10000.0,9467.0,0.0,0.0,0.0,0.0,0.0,0.0,0.0,0.0,0.0,0.0,0.0,1.0
3000.0,10000.0,0.0,-26.914291429147283,997.9116000000043,-26.91160000000434,18838335.854399987,1884.0219876387625,-0.0005650217021702146,0.0005649651999999976,-0.0005649651999999976,0.1329281135018901,1.3294140764265436e-05,-26.354835483547276,997.3521999999989,-26.352199999998902,19029003.55160005,1903.0906642264276,-0.5594559455945568,0.5593999999999973,-0.5593999999999973,128328.71639999995,12.834155055505546,-23.268126812681317,985.2658,-23.265800000000013,18187733.50359996,1818.9552458845844,-3.646164616461638,12.645799999999992,-3.6457999999999924,195673.42359999922,19.569299289928914,0.0033849341001731537,0.9873466093365941,0.0033845956067631855,0.18900075478390024,1.890196567495752e-05,10000.0,10000.0,10000.0,10000.0,10000.0,10000.0,10000.0,10000.0,10000.0,9527.0,0.0,0.0,0.0,0.0,0.0,0.0,0.0,0.0,0.0,0.0,0.0,1.0
3050.0,10000.0,0.0,-74.7535753575363,997.7461000000005,-74.74610000000052,18947178.347900044,1894.9073255225567,-0.0005230451045104516,0.0005229928000000005,-0.0005229928000000005,0.12502849598348187,1.2504100008349022e-05,-74.23322332233101,997.2257999999988,-74.2257999999988,19080062.14359993,1908.1970340633995,-0.520352035203523,0.5203000000000026,-0.5203000000000026,122907.87910000043,12.292017111711214,-75.12081208120878,985.1133000000007,-75.11330000000066,18252326.631099954,1825.4152046304584,0.36723672367235416,12.632800000000014,0.3671999999999862,194981.64160000006,19.50011417141715,-0.0014439440151353677,0.9873592925784803,-0.001443799620733821,0.18730968023623115,1.873284130775389e-05,10000.0,10000.0,10000.0,10000.0,10000.0,10000.0,10000.0,10000.0,10000.0,9575.0,0.0,0.0,0.0,0.0,0.0,0.0,0.0,0.0,0.0,0.0,0.0,2.0
3100.0,10000.0,0.0,-95.84948494849584,997.839900000001,-95.83990000000097,18722456.679899964,1872.4329112811245,-0.00046831993199319836,0.000468273099999999,-0.000468273099999999,0.11218267781716433,1.1219389720688503e-05,-95.38493849384804,997.3753999999986,-95.37539999999865,18867870.74839999,1886.975772417241,-0.4645464546454639,0.46449999999999936,-0.46449999999999936,109057.39750000034,10.90683043304334,-93.23282328232835,985.2235000000002,-93.22350000000017,18053453.477499958,1805.52590034003,-2.6166616661666,12.616399999999983,-2.6163999999999827,193864.51039999962,19.388389878987862,0.0015377649173113905,0.9873759143580717,0.001537611140819628,0.18645479961927588,1.864734469639723e-05,10000.0,10000.0,10000.0,10000.0,10000.0,10000.0,10000.0,10000.0,10000.0,9614.0,0.0,0.0,0.0,0.0,0.0,0.0,0.0,0.0,0.0,0.0,0.0,3.0
3150.0,10000.0,0.0,-62.71307130712796,998.7067999999972,-62.7067999999972,18239320.337599926,1824.114445204513,-0.0004318112811281133,0.0004317681000000005,-0.0004317681000000005,0.10601697758122396,1.0602758033925788e-05,-62.284228422844194,998.278000000002,-62.27800000000195,18374763.160000056,1837.6600820082065,-0.42884288428842937,0.4288000000000005,-0.4288000000000005,103783.30560000023,10.379368496849708,-56.0939093909401,986.088300000001,-56.08830000000103,17549627.031099986,1755.1382169316919,-6.6191619161915884,12.618499999999969,-6.618499999999969,195105.57749999972,19.512509000900064,0.006203953447419974,0.9873864105376684,0.006203333052075211,0.18659900063261456,1.8661766239885445e-05,9999.0,10000.0,10000.0,10000.0,10000.0,10000.0,10000.0,10000.0,10000.0,9654.0,0.0,0.0,0.0,0.0,0.0,0.0,0.0,0.0,0.0,0.0,0.0,2.0
3200.0,10000.0,0.0,-41.33003300330097,998.3259000000006,-41.325900000000615,18480558.891900066,1848.2407132613328,-0.0004006882688268834,0.0004006482000000007,-0.0004006482000000007,0.09654580589436734,9.65554614405114e-06,-40.93399339933899,997.9298999999991,-40.929899999999066,18636327.859900072,1863.819167906798,-0.3960396039603951,0.3959999999999991,-0.3959999999999991,94163.83999999963,9.41732573257322,-41.644464446446136,985.6403000000015,-41.6403000000015,17755449.15910006,1775.7224881588218,0.31443144314431315,12.6856,0.3143999999999991,199621.52639999983,19.964149054905473,-0.0009001699263445628,0.987315962876959,-0.0009000799093519252,0.19132417733392562,1.9134331166509214e-05,10000.0,10000.0,10000.0,10000.0,10000.0,10000.0,10000.0,10000.0,10000.0,9689.0,0.0,0.0,0.0,0.0,0.0,0.0,0.0,0.0,0.0,0.0,0.0,0.0
3250.0,10000.0,0.0,26.78427842784322,998.2183999999995,26.78160000000048,18541189.014400013,1854.3043318731886,-0.0003511286128612892,0.00035109350000000307,-0.00035109350000000307,0.08086770655757719,8.087579413699089e-06,27.132413241324343,997.8702999999998,27.129700000000184,18654204.77910007,1865.6070386138686,-0.3481348134813468,0.34809999999999863,-0.34809999999999863,79815.26390000033,7.982324622462278,31.378537853784565,985.6246000000008,31.375399999999217,17847320.748400018,1784.9105658965914,-4.5942594259426315,12.593800000000037,-4.593800000000037,197990.01559999905,19.80098165816572,0.004790544554608478,0.9874050564510665,0.00479006550015304,0.19025967499100582,1.9027870286129196e-05,10000.0,10000.0,10000.0,10000.0,10000.0,10000.0,10000.0,10000.0,10000.0,9711.0,0.0,0.0,0.0,0.0,0.0,0.0,0.0,0.0,0.0,0.0,0.0,2.0
3300.0,10000.0,0.0,-23.553755375536525,998.5513999999989,-23.55139999999892,18665155.58040001,1866.7022282628272,-0.0003098184818481846,0.0003097874999999998,-0.0003097874999999998,0.06752174176543739,6.752849461489888e-06,-23.247124712475397,998.2448000000041,-23.244800000004147,18772994.72959994,1877.4872216821623,-0.3066306630663055,0.3065999999999989,-0.3065999999999989,66373.9643999996,6.638060246024563,-15.909490949095357,985.9079000000005,-15.907900000000495,17984798.175900098,1798.6596835583657,-7.644264426442602,12.643499999999957,-7.643499999999957,198582.07750000033,19.86019376937697,0.0075139600435817355,0.9873585862242175,0.00751320864757743,0.19081126646421356,1.9083034949916347e-05,10000.0,10000.0,10000.0,10000.0,10000.0,10000.0,10000.0,10000.0,10000.0,9730.0,0.0,0.0,0.0,0.0,0.0,0.0,0.0,0.0,0.0,0.0,0.0,1.0
3350.0,10000.0,0.0,-65.89168916891788,997.885100000001,-65.88510000000099,18435344.979899973,1843.7188698769849,-0.00028499029902990294,0.00028496179999999997,-0.00028496179999999997,0.06476243048940743,6.476890738014544e-06,-65.60986098609942,997.6033000000008,-65.60330000000079,18538237.291099943,1854.0091300229967,-0.2818281828182806,0.2817999999999988,-0.2817999999999988,63675.8876,6.368225582558256,-68.25502550255158,985.2482000000014,-68.24820000000136,17748463.967600007,1775.0238991499157,2.3633363336333684,12.636899999999995,2.3631000000000046,197400.58389999953,19.742032593259278,-0.003452024069613868,0.9873572582663485,-0.0034516788672068754,0.18935354849443212,1.893724857430064e-05,10000.0,10000.0,10000.0,10000.0,10000.0,10000.0,10000.0,10000.0,10000.0,9752.0,0.0,0.0,0.0,0.0,0.0,0.0,0.0,0.0,0.0,0.0,0.0,3.0
3400.0,10000.0,0.0,4.824282428246761,998.176199999996,4.823800000003985,18520285.535600055,1852.2137749374992,-0.00025587438743874337,0.0002558487999999995,-0.0002558487999999995,0.05530485835138563,5.531038939032466e-06,5.078207820781813,997.9223000000003,5.077699999999709,18592754.62709993,1859.4614088508781,-0.25392539253925256,0.2538999999999986,-0.2538999999999986,54504.34790000019,5.450979887988818,4.461446144615024,985.5389999999994,4.461000000000581,17808420.790000062,1781.0201810181081,0.36283628362835785,12.637200000000005,0.3627999999999947,198605.76160000052,19.862562416241676,-0.00032310999668128115,0.9873619610356318,-0.00032307768568162754,0.19012670359870343,1.9014571817052047e-05,10000.0,10000.0,10000.0,10000.0,10000.0,10000.0,10000.0,10000.0,10000.0,9783.0,0.0,0.0,0.0,0.0,0.0,0.0,0.0,0.0,0.0,0.0,0.0,0.0
3450.0,10000.0,0.0,20.92859285928796,998.0734999999979,20.92650000000208,18856166.97749989,1885.8052782778168,-0.0002335657565756579,0.00023354240000000032,-0.00023354240000000032,0.04797295691802224,4.797775469349159e-06,21.161516151617775,997.8405999999974,21.15940000000262,18901033.916399986,1890.2924208820868,-0.23292329232923273,0.2328999999999998,-0.2328999999999998,48024.57590000008,4.802937883788387,21.554455445544477,985.4477,21.552299999999946,18126090.647100057,1812.7903437443802,-0.6258625862586076,12.625799999999982,-0.6257999999999821,193749.743600001,19.37691205120522,0.0008513659227403769,0.987372467987159,0.0008512807861481564,0.18589369230384573,1.8591228353219894e-05,10000.0,10000.0,10000.0,10000.0,10000.0,10000.0,10000.0,10000.0,10000.0,9796.0,0.0,0.0,0.0,0.0,0.0,0.0,0.0,0.0,0.0,0.0,0.0,0.0
3500.0,10000.0,0.0,1.9721972197178275,998.0280000000041,1.9719999999958873,18581614.16000003,1858.3472507250756,-0.0002022292229222916,0.00020220899999999936,-0.00020220899999999936,0.03682118840919002,3.6824870896279648e-06,2.172917291727117,997.8273000000021,2.172699999997917,18634120.747100003,1863.5984345534557,-0.20072007200720024,0.20069999999999952,-0.20069999999999952,36490.19510000003,3.649384448444848,2.6450645064513765,985.3551999999993,2.644800000000714,17925160.329599958,1792.6953024902448,-0.6728672867287315,12.67280000000006,-0.6728000000000591,192469.40160000153,19.248865046504804,0.0006790710792585752,0.9873209968278494,0.0006790031721506384,0.18470448437918022,1.847229566748477e-05,10000.0,10000.0,10000.0,10000.0,10000.0,10000.0,10000.0,10000.0,10000.0,9820.0,0.0,0.0,0.0,0.0,0.0,0.0,0.0,0.0,0.0,0.0,0.0,1.0
3550.0,10000.0,0.0,12.643464346435621,998.357799999999,12.642200000001026,18513663.791600015,1851.5515343134327,-0.0001776960696069602,0.0001776782999999995,-0.0001776782999999995,0.03143001445809122,3.1433157773868603e-06,12.819481948194493,998.1818000000003,12.818199999999706,18564559.487600062,1856.6416129212982,-0.17601760176017617,0.17600000000000016,-0.17600000000000016,30636.24000000003,3.063930393039307,13.270827082710866,985.7304999999974,13.269500000002608,17914598.69749998,1791.6390336533632,-0.6273627362736178,12.627299999999991,-0.6272999999999911,194037.94709999996,19.405735283528347,0.0007624641460289849,0.9873681758986053,0.0007623878996143585,0.18722141395190306,1.8724013796569965e-05,10000.0,10000.0,10000.0,10000.0,10000.0,10000.0,10000.0,10000.0,10000.0,9833.0,0.0,0.0,0.0,0.0,0.0,0.0,0.0,0.0,0.0,0.0,0.0,0.0
3600.0,10000.0,0.0,42.54375437543979,998.4604999999978,42.53950000000225,18895662.39750005,1889.755215271532,-0.0001578283828382836,0.00015781259999999978,-0.00015781259999999978,0.029492502368812314,2.9495451914003713e-06,42.70027002700408,998.3039999999986,42.69600000000139,18941047.839999963,1894.2942134213383,-0.15651565156515695,0.15650000000000044,-0.15650000000000044,28960.07750000006,2.89629737973798,50.171417141714755,985.8335999999994,50.166400000000635,18220569.110400043,1822.2391349534996,-7.62766276627665,12.626900000000022,-7.626900000000022,196776.96389999933,19.679664356435577,0.00782425118072827,0.9873734572770506,0.007823468755610241,0.18941776901294063,1.8943671268420906e-05,10000.0,10000.0,10000.0,10000.0,10000.0,10000.0,10000.0,10000.0,10000.0,9846.0,0.0,0.0,0.0,0.0,0.0,0.0,0.0,0.0,0.0,0.0,0.0,1.0
3650.0,10000.0,0.0,56.38523852385572,998.6203999999967,56.37960000000328,18803619.038399994,1880.549958835883,-0.00013681508150815104,0.00013680140000000022,-0.00013680140000000022,0.02454319029758054,2.4545644862066747e-06,56.52125212521298,998.4843999999996,56.515600000000404,18834941.566399973,1883.6825248924865,-0.13601360136013577,0.13599999999999976,-0.13599999999999976,24183.03999999986,2.4185458545854446,53.0256025602589,985.9796999999971,53.02030000000286,18104142.879100017,1810.5953474447463,3.3596359635963537,12.640700000000006,3.359299999999994,196576.0350999993,19.659569466946625,-0.002529049793409621,0.9873629201111791,-0.002528796888430329,0.18843701345021197,1.8845585903611557e-05,10000.0,10000.0,10000.0,10000.0,10000.0,10000.0,10000.0,10000.0,10000.0,9864.0,0.0,0.0,0.0,0.0,0.0,0.0,0.0,0.0,0.0,0.0,0.0,2.0
3700.0,10000.0,0.0,101.07560756075407,998.934500000002,101.065499999998,18410206.097500045,1841.204730223027,-0.00011438653865386511,0.00011437509999999972,-0.00011437509999999972,0.018366429753999897,1.8368266580657963e-06,101.18921892189258,998.8208999999996,101.1791000000004,18436356.231900014,1843.8200051905205,-0.11361136113611382,0.11360000000000021,-0.11360000000000021,17962.950399999998,1.7964746874687467,93.63556355635342,986.3738000000022,93.62619999999777,17730112.735599954,1773.1885924192372,7.44004400440039,12.56070000000005,7.43929999999995,192635.15509999963,19.265442054205383,-0.005628779931605821,0.9874463988717944,-0.005628217053612605,0.18491210742759345,1.849306004876422e-05,10000.0,10000.0,10000.0,10000.0,10000.0,10000.0,10000.0,10000.0,10000.0,9883.0,0.0,0.0,0.0,0.0,0.0,0.0,0.0,0.0,0.0,0.0,0.0,3.0
3750.0,10000.0,0.0,102.43894389438788,998.5713000000015,102.42869999999846,18794807.163100004,1879.6686831783184,-9.606760676067626e-05,9.60580000000002e-05,-9.60580000000002e-05,0.013696402248359985,1.3697772025562543e-06,102.53445344534384,998.4758000000007,102.52419999999927,18813372.143599972,1881.5253668966868,-0.095509550955095,0.09549999999999949,-0.09549999999999949,13531.797499999993,1.35331508150815,98.05540554055608,985.954399999998,98.04560000000197,18085279.206400014,1808.7087915191535,4.383538353835354,12.61690000000003,4.3830999999999705,196435.3439000004,19.64549893989403,-0.00282768008791201,0.9873868886913837,-0.0028273973199032243,0.1883424266974372,1.8836126282371957e-05,10000.0,10000.0,10000.0,10000.0,10000.0,10000.0,10000.0,10000.0,10000.0,9897.0,0.0,0.0,0.0,0.0,0.0,0.0,0.0,0.0,0.0,0.0,0.0,1.0
3800.0,10000.0,0.0,36.01750175017173,998.9861000000033,36.01389999999674,18766517.06790003,1876.839390729076,-8.853935393539358e-05,8.853050000000004e-05,-8.853050000000004e-05,0.013422884808697544,1.3424227231420686e-06,36.10581058105788,998.8978000000002,36.10219999999981,18779217.551599983,1878.10956611661,-0.08830883088308858,0.08830000000000027,-0.08830000000000027,13207.031099999967,1.3208351935193487,40.619861986197066,986.3842000000016,40.615799999998444,18090475.903599996,1809.2285132113207,-4.602360236023582,12.60189999999998,-4.601899999999979,198318.16389999926,19.833799769976924,0.004865525753464994,0.9874054922000766,0.004865039200889654,0.19035571059828976,1.903747480730971e-05,10000.0,10000.0,10000.0,10000.0,10000.0,10000.0,10000.0,10000.0,10000.0,9907.0,0.0,0.0,0.0,0.0,0.0,0.0,0.0,0.0,0.0,0.0,0.0,1.0
3850.0,10000.0,0.0,-35.255225522551086,998.2516999999988,-35.25169999999878,19078753.47110004,1908.0661537253766,-8.513051305130541e-05,8.512200000000029e-05,-8.512200000000029e-05,0.014244637183159962,1.4246061789338897e-06,-35.170517051704905,998.1669999999997,-35.16699999999969,19094795.109999977,1909.6704780478026,-0.08470847084708442,0.08469999999999972,-0.08469999999999972,14019.25910000003,1.4020661166116641,-30.64376437643614,985.6406999999984,-30.640699999998446,18337764.035099864,1833.9597994899354,-4.611461146114573,12.610999999999962,-4.610999999999962,197360.79000000056,19.738052805280585,0.00430330810606494,0.9873897494313916,0.004302877775254288,0.18896896290583107,1.8898786169200026e-05,10000.0,10000.0,10000.0,10000.0,10000.0,10000.0,10000.0,10000.0,10000.0,9914.0,0.0,0.0,0.0,0.0,0.0,0.0,0.0,0.0,0.0,0.0,0.0,2.0
3900.0,10000.0,0.0,-22.3862386238618,998.3839999999994,-22.383999999999446,18750341.44000009,1875.2216661666257,-7.762646264626485e-05,7.761870000000023e-05,-7.761870000000023e-05,0.014510246115103067,1.451169728483155e-06,-22.30903090308709,998.3067999999968,-22.30679999999677,18767790.737599976,1876.9667704370413,-0.07720772077207684,0.07719999999999963,-0.07719999999999963,14196.401600000037,1.4197821382138252,-20.748574857486005,985.7465000000003,-20.74650000000031,18092304.37750005,1809.4113788878938,-1.6376637663766083,12.63749999999997,-1.6374999999999709,193446.93749999997,19.34662841284128,0.001368610228554168,0.98736103482919,0.0013684733675313199,0.18636237127230385,1.8638100937324115e-05,10000.0,10000.0,10000.0,10000.0,10000.0,10000.0,10000.0,10000.0,10000.0,9920.0,0.0,0.0,0.0,0.0,0.0,0.0,0.0,0.0,0.0,0.0,0.0,0.0
3950.0,10000.0,0.0,-69.4623462346209,998.4553999999974,-69.45539999999744,18659508.1084,1866.1374245824582,-6.516551655165486e-05,6.515899999999969e-05,-6.515899999999969e-05,0.01195437648119002,1.1955572038393858e-06,-69.39723972396985,998.3902999999974,-69.39029999999741,18668625.659099955,1867.0492708370791,-0.06510651065106503,0.06509999999999992,-0.06509999999999992,11790.6199,1.179179907990799,-63.89218921892041,985.8857999999985,-63.88579999999854,17977841.583599992,1797.9639547554748,-5.570157015701566,12.569599999999996,-5.569599999999996,197085.55839999954,19.710526892689224,0.005034241915740645,0.9874312776548448,0.005033738491549089,0.18932567482848509,1.8934460928941403e-05,10000.0,10000.0,10000.0,10000.0,10000.0,10000.0,10000.0,10000.0,10000.0,9928.0,0.0,0.0,0.0,0.0,0.0,0.0,0.0,0.0,0.0,0.0,0.0,1.0
4000.0,10000.0,0.0,-17.067506750675307,998.0658000000002,-17.065800000000195,18885358.703599956,1888.724742834279,-5.920152015201532e-05,5.919560000000012e-05,-5.919560000000012e-05,0.01029335459140631,1.0294384029809292e-06,-17.008000800079117,998.0062999999991,-17.0062999999991,18885382.603100035,1888.727133023306,-0.05950595059505971,0.059500000000000206,-0.059500000000000206,10411.59750000001,1.0412638763876398,-13.480448044802642,985.4790999999982,-13.479099999998198,18223587.63189995,1822.541017291724,-3.587058705870618,12.58670000000003,-3.5867000000000306,196128.83110000036,19.61484459445948,0.0034178842344465554,0.9874081456273714,0.003417542446023103,0.1888898852068226,1.8890877608443105e-05,10000.0,10000.0,10000.0,10000.0,10000.0,10000.0,10000.0,10000.0,10000.0,9937.0,0.0,0.0,0.0,0.0,0.0,0.0,0.0,0.0,0.0,0.0,0.0,1.0
4050.0,10000.0,0.0,-30.849684968495126,998.8465999999983,-30.84659999999826,18976006.684400048,1897.7904474847533,-4.9476147614761443e-05,4.947119999999997e-05,-4.947119999999997e-05,0.008347214093705566,8.348048898595425e-07,-30.800180018002493,998.7971000000007,-30.797100000000682,18980425.315900046,1898.2323548254872,-0.049504950495049396,0.04949999999999989,-0.04949999999999989,8274.497499999989,0.8275325032503239,-25.25182518251927,986.249300000001,-25.24930000000097,18267277.49509997,1826.9104405540522,-5.597859785978612,12.597300000000013,-5.597300000000013,194527.3270999989,19.45467817781767,0.005359832913893414,0.9874092981107203,0.005359296930601998,0.185815575212487,1.8583415862834984e-05,10000.0,10000.0,10000.0,10000.0,10000.0,10000.0,10000.0,10000.0,10000.0,9945.0,0.0,0.0,0.0,0.0,0.0,0.0,0.0,0.0,0.0,0.0,0.0,0.0
4100.0,10000.0,0.0,-34.55925592559038,998.5557999999978,-34.55579999999782,18402826.863599963,1840.4667330332998,-4.3458145814581665e-05,4.3453800000000204e-05,-4.3453800000000204e-05,0.007222491992655587,7.223214314086996e-07,-34.515751575155036,998.5122999999975,-34.51229999999748,18406354.48710001,1840.819530663067,-0.043504350435043304,0.0434999999999998,-0.0434999999999998,7220.077499999992,0.7220799579957988,-33.98309830982987,985.9796999999988,-33.97969999999884,17692098.879099954,1769.3868265926546,-0.5761576157615966,12.57610000000002,-0.5761000000000198,194680.08790000083,19.46995578557864,0.00012372684326367178,0.9874281527493377,0.00012371447057935026,0.18635306641981378,1.863717035901728e-05,10000.0,10000.0,10000.0,10000.0,10000.0,10000.0,10000.0,10000.0,10000.0,9951.0,0.0,0.0,0.0,0.0,0.0,0.0,0.0,0.0,0.0,0.0,0.0,0.0
4150.0,10000.0,0.0,-55.514751475149865,998.5092000000024,-55.50920000000235,18581775.153599925,1858.363351695162,-3.625662566256622e-05,3.6252999999999966e-05,-3.6252999999999966e-05,0.0053891490019099975,5.389687970707069e-07,-55.47804780477941,998.472499999999,-55.472499999998945,18575378.437499974,1857.7236161116086,-0.03670367036703683,0.03670000000000013,-0.03670000000000013,5603.5311,0.5604091509150915,-50.90949094909308,985.9043999999982,-50.90439999999819,17888032.606400058,1788.9821588558914,-4.605260526052643,12.604800000000038,-4.604800000000038,193310.1696000002,19.332950255025523,0.004119474241733978,0.9873973746091896,0.004119062294309805,0.18517597949899764,1.8519449894889253e-05,10000.0,10000.0,10000.0,10000.0,10000.0,10000.0,10000.0,10000.0,10000.0,9955.0,0.0,0.0,0.0,0.0,0.0,0.0,0.0,0.0,0.0,0.0,0.0,2.0
4200.0,10000.0,0.0,-29.77357735773296,998.7705999999972,-29.770599999997216,18650233.756400034,1865.2098966296664,-3.21887188718871e-05,3.218549999999991e-05,-3.218549999999991e-05,0.0050236780048975044,5.024180422939798e-07,-29.741474147415488,998.7385000000007,-29.738500000000727,18654943.177500024,1865.6808858385864,-0.03210321032103205,0.03209999999999995,-0.03209999999999995,4954.695900000003,0.4955191419141918,-27.15871587158972,986.1560000000026,-27.156000000002564,17955838.63999996,1795.7634403440304,-2.614861486148584,12.61459999999997,-2.614599999999969,196872.66839999997,19.689235763576356,0.0022890812724283283,0.9873912301950384,0.002288852364301097,0.18855381442660984,1.8857267169377922e-05,10000.0,10000.0,10000.0,10000.0,10000.0,10000.0,10000.0,10000.0,10000.0,9964.0,0.0,0.0,0.0,0.0,0.0,0.0,0.0,0.0,0.0,0.0,0.0,1.0
4250.0,10000.0,0.0,39.18221822182329,998.8216999999989,39.17830000000106,18454075.09110002,1845.5920683168335,-2.4434543454345443e-05,2.443210000000001e-05,-2.443210000000001e-05,0.003581240065895902,3.5815982257184736e-07,39.20652065206184,998.7974000000033,39.202599999996664,18459123.53239999,1846.0969629362926,-0.024302430243024285,0.02429999999999998,-0.02429999999999998,3515.0951000000045,0.3515446644664471,27.81178117811578,986.1910000000021,27.808999999997923,17848837.18999997,1785.0622252225194,11.37043704370438,12.63069999999999,11.36930000000001,197387.17509999993,19.74069157915791,-0.010493580869505581,0.9873711442281816,-0.010492531511418601,0.190428169710887,1.9044721443233024e-05,10000.0,10000.0,10000.0,10000.0,10000.0,10000.0,10000.0,10000.0,10000.0,9968.0,0.0,0.0,0.0,0.0,0.0,0.0,0.0,0.0,0.0,0.0,0.0,0.0
4300.0,10000.0,0.0,34.70707070707306,999.2963999999977,34.703600000002325,18753425.470400043,1875.5301000500092,-2.1140314031403157e-05,2.1138200000000017e-05,-2.1138200000000017e-05,0.0025134384190075997,2.5136897879863984e-07,34.72847284728505,999.2749999999996,34.725000000000364,18749573.75,1875.1448894889488,-0.021402140214021342,0.02139999999999994,-0.02139999999999994,2567.420400000002,0.25676771677167737,26.352135213523297,986.650499999998,26.349500000001967,18055353.497500096,1805.7159213421437,8.3549354935493,12.645900000000054,8.354099999999946,195945.13190000007,19.596472837283734,-0.007676351237800749,0.9873661058463907,-0.00767558360267695,0.18760910929741983,1.876278720846283e-05,10000.0,10000.0,10000.0,10000.0,10000.0,10000.0,10000.0,10000.0,10000.0,9971.0,0.0,0.0,0.0,0.0,0.0,0.0,0.0,0.0,0.0,0.0,0.0,0.0
4350.0,10000.0,0.0,21.201520152015064,998.8006000000001,21.199399999999855,17917700.396400005,1791.949234563457,-1.952255225522554e-05,1.9520600000000018e-05,-1.9520600000000018e-05,0.0024623694517564017,2.4626157133277343e-07,21.22112211221156,998.7809999999996,21.219000000000392,17917490.390000056,1791.928231823188,-0.019601960196019636,0.019600000000000034,-0.019600000000000034,2474.1583999999984,0.2474405840584057,19.78407840784439,986.2178999999963,19.782100000003652,17285456.195899993,1728.7184914391432,1.4174417441744218,12.582699999999996,1.4173000000000044,196385.60710000046,19.640524762476293,-0.0011467179651009074,0.987421113097226,-0.0011466032933044046,0.18919300975569442,1.892119309487893e-05,10000.0,10000.0,10000.0,10000.0,10000.0,10000.0,10000.0,10000.0,10000.0,9974.0,0.0,0.0,0.0,0.0,0.0,0.0,0.0,0.0,0.0,0.0,0.0,2.0
4400.0,10000.0,0.0,-23.60286028602752,998.6004999999989,-23.600499999998874,18529140.99749996,1853.0994096909653,-1.5969196919692062e-05,1.5967600000000094e-05,-1.5967600000000094e-05,0.001798900395502397,1.7990803035327502e-07,-23.586758675867372,998.5843999999997,-23.584399999999732,18527606.76640004,1852.9459712371277,-0.01610161016101615,0.01610000000000005,-0.01610000000000005,1820.4078999999988,0.18205899589958985,-21.033903390340242,986.0318000000012,-21.031800000001226,17856365.887599967,1785.8151702770244,-2.5689568956896043,12.568700000000035,-2.5687000000000353,192874.8030999995,19.289409250925043,0.002310342614016969,0.9874334781638342,0.0023101115797555805,0.18461791323096513,1.84636376868652e-05,10000.0,10000.0,10000.0,10000.0,10000.0,10000.0,10000.0,10000.0,10000.0,9975.0,0.0,0.0,0.0,0.0,0.0,0.0,0.0,0.0,0.0,0.0,0.0,1.0
4450.0,10000.0,0.0,-30.90419041904204,998.9011000000002,-30.901100000000156,18405351.187900033,1840.7191907090742,-1.3645764576457682e-05,1.3644400000000037e-05,-1.3644400000000037e-05,0.001959722673486395,1.9599186653529302e-07,-30.890589058904652,998.8874999999988,-30.887499999998795,18407060.437499944,1840.8901327632707,-0.013601360136013612,0.01360000000000001,-0.01360000000000001,1936.1503999999989,0.1936344034403439,-36.26682668266858,986.2632000000003,-36.263200000000325,17734487.257600002,1773.6260883688371,5.362636263626376,12.637899999999986,5.362100000000014,193801.8358999995,19.38212180218017,-0.005963776624287376,0.9873681389243109,-0.0059631802466248995,0.18590033040939957,1.8591892230162974e-05,10000.0,10000.0,10000.0,10000.0,10000.0,10000.0,10000.0,10000.0,10000.0,9982.0,0.0,0.0,0.0,0.0,0.0,0.0,0.0,0.0,0.0,0.0,0.0,0.0
4500.0,10000.0,0.0,27.67336733673278,998.3294000000009,27.670599999999126,18729484.95640006,1873.135809220928,-9.66016601660168e-06,9.65920000000002e-06,-9.65920000000002e-06,0.001398074444553601,1.398214265980199e-07,27.68286828682892,998.3198999999997,27.680100000000266,18733479.63989993,1873.5353175217454,-0.009500950095009519,0.009500000000000017,-0.009500000000000017,1330.0974999999974,0.13302305230523026,28.23122312231385,985.7715999999983,28.22840000000167,18079576.334400006,1808.138447284729,-0.557855785578564,12.557800000000006,-0.5578000000000056,195592.59160000048,19.561215281528202,0.0008640990107526836,0.9874400809663999,0.0008640126008515603,0.18830911389935936,1.8832794669402878e-05,10000.0,10000.0,10000.0,10000.0,10000.0,10000.0,10000.0,10000.0,10000.0,9989.0,0.0,0.0,0.0,0.0,0.0,0.0,0.0,0.0,0.0,0.0,0.0,0.0
4550.0,10000.0,0.0,12.82938293829477,998.171899999999,12.828100000000973,18742503.503900025,1874.4377941694195,-6.394139413941404e-06,6.39350000000001e-06,-6.39350000000001e-06,0.0007519659485774999,7.520411526927692e-08,12.835683568358263,998.1655999999986,12.834400000001438,18744797.76639997,1874.6672433643332,-0.006300630063006307,0.006300000000000007,-0.006300000000000007,736.6030999999974,0.07366767676767651,11.469946994699967,985.5311999999996,11.468800000000442,18074494.265599985,1807.6301895789563,1.3594359435943382,12.640700000000022,1.359299999999978,199798.03509999914,19.98180169016893,-0.0012036875410976755,0.9873558916035998,-0.0012035671723436003,0.1919371188656984,1.919563144971481e-05,10000.0,10000.0,10000.0,10000.0,10000.0,10000.0,10000.0,10000.0,10000.0,9992.0,0.0,0.0,0.0,0.0,0.0,0.0,0.0,0.0,0.0,0.0,0.0,1.0
4600.0,10000.0,0.0,53.32003200320116,998.6852999999992,53.31470000000081,19035760.639099993,1903.7664405540547,-6.3186318631863015e-06,6.3179999999999825e-06,-6.3179999999999825e-06,0.0008132012647600002,8.132825930193021e-08,53.3263326332642,998.6789999999992,53.32100000000082,19036373.590000022,1903.8277417741797,-0.006300630063006292,0.006299999999999991,-0.006299999999999991,846.6030999999996,0.08466877687768773,57.913991399140286,986.0917999999996,57.90820000000042,18337141.727600016,1833.8975625162532,-4.593959395939551,12.593499999999958,-4.593499999999958,199946.57750000042,19.996657415741616,0.004984920270477811,0.9874110154839068,0.0049844217784507094,0.1921187345732158,1.921379483680526e-05,10000.0,10000.0,10000.0,10000.0,10000.0,10000.0,10000.0,10000.0,10000.0,9992.0,0.0,0.0,0.0,0.0,0.0,0.0,0.0,0.0,0.0,0.0,0.0,2.0
4650.0,10000.0,0.0,28.424142414242283,998.5786999999991,28.421300000000883,18840640.063099965,1884.2524315531518,-4.325132513251323e-06,4.324699999999998e-06,-4.324699999999998e-06,0.0005265754166990983,5.2662807950704904e-08,28.42834283428249,998.574500000001,28.425499999999033,18843138.497499987,1884.5022999799967,-0.004200420042004212,0.004200000000000011,-0.004200000000000011,491.82360000000074,0.04918727872787286,28.03370337033607,985.9691000000009,28.030899999999065,18146665.45190005,1814.8480299930043,0.39043904390434925,12.609600000000041,0.3903999999999588,194773.87840000037,19.479335773577393,-5.14542179543831e-05,0.9873932212244314,-5.144907253262776e-05,0.1867488724309804,1.86767549185899e-05,10000.0,10000.0,10000.0,10000.0,10000.0,10000.0,10000.0,10000.0,10000.0,9993.0,0.0,0.0,0.0,0.0,0.0,0.0,0.0,0.0,0.0,0.0,0.0,0.0
4700.0,10000.0,0.0,6.450745074505335,998.5499000000021,6.45009999999786,18689697.099900037,1869.156625652569,-3.4709470947094736e-06,3.470600000000003e-06,-3.470600000000003e-06,0.0003183819633563997,3.184138047368734e-08,6.45404540453967,998.5466000000008,6.453399999999192,18693106.284399997,1869.4975781978196,-0.003300330033003298,0.003299999999999998,-0.003299999999999998,284.89109999999937,0.028491959195919528,12.005900590063447,985.9952999999956,12.00470000000439,17985588.77910002,1798.7387517851805,-5.555155515551583,12.554600000000027,-5.554600000000027,194332.1883999994,19.435162356235566,0.005586524561179362,0.9874488599619234,0.005585965908723289,0.18611298772494783,1.8613160088503634e-05,10000.0,10000.0,10000.0,10000.0,10000.0,10000.0,10000.0,10000.0,10000.0,9993.0,0.0,0.0,0.0,0.0,0.0,0.0,0.0,0.0,0.0,0.0,0.0,2.0
4750.0,10000.0,0.0,4.9820982098218565,998.0183999999991,4.981600000000867,18966774.61439995,1896.8671481548106,-2.099509950995102e-06,2.0993000000000025e-06,-2.0993000000000025e-06,0.00010890764239510002,1.0891853424852488e-08,4.98409840984084,998.0164000000001,4.98359999999991,18968627.310399983,1897.0524362836268,-0.0020002000200020054,0.0020000000000000052,-0.0020000000000000052,95.96000000000019,0.009596959695969616,7.594559455948115,985.4061999999975,7.593800000002489,18274054.015599966,1827.5881603760342,-2.6124612461246013,12.612199999999989,-2.612199999999989,199322.1115999997,19.93420458045802,0.0026465200806224942,0.987383654840578,0.002646255428614408,0.1912954917967202,1.913146232590461e-05,10000.0,10000.0,10000.0,10000.0,10000.0,10000.0,10000.0,10000.0,10000.0,9995.0,0.0,0.0,0.0,0.0,0.0,0.0,0.0,0.0,0.0,0.0,0.0,0.0
4800.0,10000.0,0.0,-30.485048504850397,998.4819999999999,-30.481999999999857,18691148.760000017,1869.3018061806197,-1.2101210121012093e-06,1.2099999999999992e-06,-1.2099999999999992e-06,4.968275300000007e-05,4.9687721772177286e-09,-30.483848384837984,998.4807999999995,-30.480799999999476,18691212.313599985,1869.3081621762162,-0.0012001200120011993,0.0011999999999999992,-0.0011999999999999992,49.985599999999856,0.004999059905990585,-24.82698269827256,985.8245000000028,-24.824500000002786,18006510.997500043,1800.831182868291,-5.65806580658065,12.657499999999992,-5.657499999999992,195289.93750000081,19.53094684468455,0.005425393557630498,0.9873437440230476,0.005424851018274723,0.18747029152167743,1.8748904042572e-05,10000.0,10000.0,10000.0,10000.0,10000.0,10000.0,10000.0,10000.0,10000.0,9997.0,0.0,0.0,0.0,0.0,0.0,0.0,0.0,0.0,0.0,0.0,0.0,1.0
4850.0,10000.0,0.0,0.8514851485166446,999.1485999999982,0.8514000000018314,18791849.18039992,1879.3728553255246,-1.4835483548354844e-06,1.483400000000001e-06,-1.483400000000001e-06,0.00013433406124440034,1.3434749599399975e-08,0.852885288530274,999.1471999999986,0.8528000000013662,18793457.321599904,1879.5336855285434,-0.0014001400140013986,0.0013999999999999985,-0.0013999999999999985,115.98040000000002,0.011599199919992,-2.5241524152446573,986.5239000000031,-2.5239000000030956,18042364.28789999,1804.4168704770466,3.375637563756399,12.624699999999976,3.375300000000024,195644.49909999926,19.566406550654992,-0.0033884369460107644,0.9873880981023162,-0.003388098102316217,0.18631804647326547,1.863366801412796e-05,10000.0,10000.0,10000.0,10000.0,10000.0,10000.0,10000.0,10000.0,10000.0,9998.0,0.0,0.0,0.0,0.0,0.0,0.0,0.0,0.0,0.0,0.0,0.0,0.0
4900.0,10000.0,0.0,-28.307830783079567,998.3050000000013,-28.305000000001314,18815513.749999978,1881.7395489548933,-8.22782278227824e-07,8.227000000000012e-07,-8.227000000000012e-07,4.347543664710009e-05,4.347978462556264e-09,-28.3070307030722,998.3042000000019,-28.304200000001856,18815942.623600006,1881.782440604061,-0.0008000800080008009,0.0008000000000000008,-0.0008000000000000008,39.99359999999997,0.003999759975997597,-26.689768976898677,985.687100000001,-26.68710000000101,18156437.935899958,1815.8253761276085,-1.6180618061806555,12.617900000000038,-1.6179000000000379,198688.99589999966,19.870886678667834,0.0012799049507605798,0.9873800168541675,0.0012797769602654885,0.19165470158823195,1.9167386897512947e-05,10000.0,10000.0,10000.0,10000.0,10000.0,10000.0,10000.0,10000.0,10000.0,9998.0,0.0,0.0,0.0,0.0,0.0,0.0,0.0,0.0,0.0,0.0,0.0,1.0
4950.0,10000.0,0.0,61.46214621461979,998.5440000000017,61.45599999999831,18807558.639999982,1880.9439583958379,-1.001600160016004e-06,1.0015000000000024e-06,-1.0015000000000024e-06,5.014009497750008e-05,5.014510948844892e-09,61.46314631463065,998.5430000000008,61.4569999999992,18807609.51000006,1880.9490459045967,-0.0010001000100010012,0.001000000000000001,-0.001000000000000001,49.99000000000007,0.004999499949995006,67.06030603060196,985.9464000000011,67.05359999999894,18129097.27040007,1813.0910361436213,-5.598159815981591,12.597599999999993,-5.597599999999993,197616.74240000092,19.763650605060597,0.005992872638982738,0.9874039530633755,0.005992273351718813,0.18957461091754604,1.895935702745735e-05,10000.0,10000.0,10000.0,10000.0,10000.0,10000.0,10000.0,10000.0,10000.0,9998.0,0.0,0.0,0.0,0.0,0.0,0.0,0.0,0.0,0.0,0.0,0.0,1.0
5000.0,10000.0,0.0,-1.4449444944461902,998.4447999999967,-1.4447999999966896,18829519.529600013,1883.1402669867,-6.761676167616766e-07,6.761000000000005e-07,-6.761000000000005e-07,2.6846953887899987e-05,2.6849638851785164e-09,-1.4442444244405124,998.4440999999981,-1.444099999998116,18829028.751899995,1883.0911843084302,-0.0007000700070006993,0.0006999999999999992,-0.0006999999999999992,28.995099999999997,0.0028997999799979996,6.166016601658271,985.8346000000018,6.165399999998158,18089836.42839999,1809.1645592959287,-7.610961096109586,12.610199999999974,-7.610199999999974,195656.55960000056,19.567612721272184,0.007592543825850506,0.9873931702931259,0.007591784571467919,0.1871410210410809,1.8715973701478238e-05,10000.0,10000.0,10000.0,10000.0,10000.0,10000.0,10000.0,10000.0,10000.0,9998.0,0.0,0.0,0.0,0.0,0.0,0.0,0.0,0.0,0.0,0.0,0.0,3.0
